Test_ID,Applied_Voltage_kV,Load_Current_A,Ambient_Temperature_C,Test_Duration_min,Sensor_S1,Sensor_S2,Sensor_S3,Sensor_S4,Reference_Parameter,Validity_Label
TRN-0889,16.7196,93.1228,33.3421,19.9546,13.6343,15.1361,16.5062,62.9115,34.8501,Valid
TRN-0820,21.4477,82.5230,34.4915,47.0553,15.6466,15.9849,19.3289,39.8667,30.4762,Valid
TRN-0411,19.2432,107.3619,29.4673,5.2763,15.1080,16.6481,18.3834,44.5390,46.8046,Valid
TRN-0754,22.7191,69.9690,26.9695,20.3051,14.9296,14.7026,18.6269,44.2673,23.7153,Valid
TRN-0707,13.5008,108.8999,35.5415,29.1939,12.6845,15.2455,14.6132,44.0720,48.5994,Valid
TRN-0140,13.4841,75.9719,25.2769,59.8003,11.3356,12.4198,13.7640,NaN,22.9154,Valid
TRN-0881,21.5217,69.0397,30.8130,17.2425,14.6484,14.5557,18.4782,54.8324,24.2957,Valid
TRN-0381,27.5517,31.9359,38.4775,36.8148,15.6381,13.8904,20.6009,46.5897,20.8262,Valid
TRN-0095,27.0232,98.1134,49.9673,29.2064,18.5386,19.0188,22.7145,43.2755,51.1599,Valid
TRN-0135,23.8796,37.0768,27.7869,13.8211,4.7556,12.2665,17.5003,34.8471,18.4965,Invalid
TRN-0633,27.3166,35.2106,18.0000,41.4065,15.4562,13.3195,20.1433,61.2734,18.9191,Valid
TRN-0138,17.7127,48.0925,30.7330,23.2218,11.7089,11.4861,14.8118,65.0676,17.5449,Valid
TRN-0591,10.2728,88.3730,37.5953,58.4948,10.6857,12.8873,12.4997,83.9030,31.5651,Valid
TRN-0262,30.7232,28.9017,38.9336,45.1598,17.0465,14.7144,22.6090,53.4406,22.1500,Valid
TRN-0729,27.8122,59.7061,25.2950,56.0876,17.8995,16.2175,22.7410,53.7565,22.7879,Valid
TRN-0307,30.2039,105.7357,25.4332,14.8461,20.5299,20.3649,25.1377,39.4088,47.2164,Valid
TRN-0091,13.8779,70.3753,33.7208,28.7584,10.7783,12.0405,12.8023,60.3125,23.2446,Valid
TRN-0542,29.8252,29.6371,52.0927,40.8807,16.4051,14.7736,21.9869,50.5573,29.9678,Valid
TRN-0937,18.9717,104.0403,31.8576,48.3050,15.2581,16.7679,18.2016,48.5457,45.3832,Valid
TRN-0092,22.8334,18.3011,31.7408,26.9067,12.3229,10.8597,16.5175,28.9254,17.4823,Valid
TRN-0268,31.5596,18.2128,38.8450,24.4453,16.4547,13.8780,22.1000,70.4553,20.7222,Valid
TRN-0782,16.2048,93.1196,42.8621,12.8741,13.1151,14.8764,15.7166,32.2974,36.8118,Valid
TRN-0919,22.6926,50.8001,43.6073,31.9818,14.0837,13.6443,18.1982,49.2786,21.2594,Valid
TRN-0053,26.4931,101.8024,42.8520,30.4912,18.5600,19.2644,22.9828,68.2684,48.1264,Valid
TRN-0408,31.1979,55.0224,21.7758,25.6304,18.3841,16.3698,23.7608,30.0802,22.1385,Valid
TRN-0501,14.2290,84.7840,39.1990,37.0993,11.9475,13.5096,14.4506,42.1564,30.3824,Valid
TRN-0311,20.0873,84.2981,33.9545,11.1637,14.4518,15.2547,17.5092,45.2027,29.9962,Valid
TRN-0562,30.7015,55.1126,37.3272,53.9099,18.3063,16.9658,23.7367,31.4250,23.8068,Valid
TRN-0126,27.1839,35.7920,32.8674,28.7260,15.6886,13.7668,20.7464,46.0688,20.6230,Valid
TRN-0676,28.9435,99.9672,33.2564,54.1579,20.2420,19.9359,25.0693,38.6309,45.2288,Valid
TRN-0360,31.1338,64.9587,39.5961,9.0647,18.6229,17.3282,24.1833,48.4790,28.4009,Valid
TRN-0367,24.0314,97.8945,45.1767,31.2893,17.3437,18.1727,21.6014,52.8876,45.1310,Valid
TRN-0405,24.6143,33.6779,42.1612,26.7940,14.0177,13.0650,18.7117,NaN,20.1763,Valid
TRN-0868,28.3339,101.6303,50.6215,7.7931,19.0319,19.8449,23.5519,54.1915,55.1412,Valid
TRN-0020,9.4876,21.4776,37.3279,15.6388,6.1571,6.5039,8.2616,52.9346,13.5381,Valid
TRN-0316,22.2248,47.0868,39.5367,20.2700,13.0209,12.6750,16.6458,61.0745,19.7399,Valid
TRN-0067,30.9408,29.3598,18.0356,35.4607,16.7021,13.7519,21.9045,43.0005,19.7801,Valid
TRN-0317,25.9330,70.3816,24.6378,10.6208,16.6609,15.9391,20.9687,48.0101,24.0015,Valid
TRN-0087,17.6142,31.0902,47.5800,51.1189,10.8589,10.9508,3.2181,51.1091,20.3176,Invalid
TRN-0801,11.2999,91.5588,48.8199,21.2042,10.7983,13.3691,12.9707,43.4485,39.3210,Valid
TRN-0012,30.2939,43.3171,28.5824,30.3499,17.0338,15.1496,22.2573,38.2619,21.3846,Valid
TRN-0578,30.4866,60.5018,36.4074,15.0767,18.0583,16.8822,23.2278,38.5682,23.1545,Valid
TRN-0859,16.4487,20.9785,23.3935,58.5618,9.8089,8.7051,12.9031,61.0478,15.4105,Valid
TRN-0533,17.5311,72.9270,28.7460,36.0802,12.6016,13.0752,NaN,56.5410,23.5153,Invalid
TRN-0967,26.4104,30.8751,38.3390,14.2777,14.5452,13.0594,19.2013,49.5647,19.7664,Valid
TRN-0788,20.1531,58.4590,22.9316,43.5898,13.2875,12.8528,16.6355,61.1192,18.6948,Valid
TRN-0700,24.4753,49.2252,36.9219,22.1919,14.2996,13.6599,18.5642,60.5208,20.5104,Valid
TRN-0151,25.5490,19.7697,34.1753,21.4309,13.6684,11.7040,18.6616,46.3824,18.4660,Valid
TRN-0236,22.9858,28.4295,35.2647,27.6778,12.9089,11.5537,17.0815,35.1347,18.4935,Valid
TRN-0130,27.9593,15.8726,33.4249,45.7820,14.8659,12.4537,20.2947,51.5568,19.0968,Valid
TRN-0558,10.8607,21.0036,44.5708,31.3091,6.8793,7.0831,9.3319,47.3849,15.0884,Valid
TRN-0335,19.3366,109.2824,43.2863,42.8290,15.6796,17.4192,19.0115,46.0047,53.1540,Valid
TRN-0747,8.1623,16.2760,27.7498,24.8249,4.8959,4.9854,6.5243,58.8781,11.9183,Valid
TRN-0065,29.5509,88.0838,38.0994,34.3734,19.4764,19.0039,24.1937,67.1977,37.4703,Valid
TRN-0257,30.6035,29.4846,36.2652,41.0898,16.7405,14.3861,22.2693,NaN,21.5145,Valid
TRN-0443,9.6318,92.6893,34.5091,30.5353,10.1782,12.5837,11.7777,64.1771,32.9683,Valid
TRN-0507,10.6681,75.8719,33.3623,5.2737,9.6188,11.4513,11.3341,67.3990,23.1349,Valid
TRN-0943,24.4524,69.9741,29.5096,22.3974,15.7061,15.1518,19.6866,30.7207,25.1708,Valid
TRN-0438,9.2579,44.7970,28.7596,5.9031,6.9661,7.9532,8.5018,71.9907,13.9035,Valid
TRN-0323,23.8319,94.5641,40.9548,12.1292,23.0025,17.4622,20.4693,53.8698,40.1544,Invalid
TRN-0541,29.5137,89.7528,32.8875,44.0727,19.4791,18.9202,24.4323,46.1615,36.9890,Valid
TRN-0513,8.5988,18.8074,39.8048,25.8064,5.4670,6.0593,7.4333,30.0082,13.1153,Valid
TRN-0830,29.6897,109.4003,33.5982,31.3241,20.6293,20.8849,25.3653,48.7288,53.7412,Valid
TRN-0124,28.7059,44.4546,28.3929,31.8519,16.5947,25.0000,21.7478,58.4106,20.5670,Invalid
TRN-0434,18.3304,91.2825,54.8353,42.0785,14.2060,15.9913,17.3458,NaN,51.9073,Valid
TRN-0742,31.1274,41.4679,25.8498,14.7618,17.5962,15.2001,23.0903,49.2011,21.1804,Valid
TRN-0351,8.8242,109.9343,21.3625,17.1093,10.3528,12.9679,11.6020,47.0632,43.8924,Valid
TRN-0736,29.5104,28.1679,36.3961,51.5832,16.1474,13.8079,21.6011,49.2212,20.9866,Valid
TRN-0518,30.1910,68.5258,29.2458,38.1312,11.1050,17.2072,23.2016,42.7267,26.6751,Invalid
TRN-0097,24.0983,15.5749,32.5565,32.3226,12.5641,10.8077,5.4559,72.9077,17.5511,Invalid
TRN-0220,12.1699,57.0484,31.2917,52.7784,9.5998,10.3563,11.9747,50.9553,17.0452,Valid
TRN-0713,11.9594,108.4812,34.5381,58.1279,12.1882,14.8651,14.0675,69.0032,47.8264,Valid
TRN-0890,27.1695,81.7422,25.5190,26.4742,17.8631,17.0967,22.0936,62.1795,29.1343,Valid
TRN-0531,20.7203,99.2481,31.0850,54.7814,16.2072,17.0458,19.8160,39.6731,41.0190,Valid
TRN-0369,24.5577,62.3376,30.1652,56.5760,15.5392,14.8810,19.6012,46.2767,24.6977,Valid
TRN-0781,17.8894,74.0111,26.7258,14.7152,12.9996,13.5775,15.9195,62.4277,23.4299,Valid
TRN-0928,25.7367,90.4034,33.5964,54.4149,17.8868,17.9832,22.3347,46.1552,36.6371,Valid
TRN-0194,15.3430,109.4771,33.6951,57.5039,14.2222,16.3890,16.6468,72.3277,50.4105,Valid
TRN-0743,16.6379,22.9675,37.3504,24.5539,9.2704,8.9039,12.3042,61.3833,15.8790,Invalid
TRN-0294,31.8012,33.9683,33.2320,36.4063,17.3683,15.0914,22.6319,49.1939,21.8126,Valid
TRN-0304,23.6657,17.7618,19.2181,49.6166,12.9498,16.1247,17.0497,54.4657,17.0368,Invalid
TRN-0382,14.1328,104.1859,27.4694,17.0621,12.7062,14.6844,14.7467,55.5636,41.6252,Valid
TRN-0417,26.9730,68.6493,28.7009,27.9014,17.2997,16.4962,21.6952,57.9395,25.9572,Valid
TRN-0297,26.5298,89.9603,18.0000,53.9437,18.1662,17.5890,22.4260,33.5126,31.7561,Valid
TRN-0622,21.0295,23.2536,34.0265,49.4829,5.4912,11.0359,16.2660,51.2347,17.9097,Invalid
TRN-0563,16.5004,76.4705,23.6697,55.7837,12.9151,13.4514,15.6811,38.7838,23.4619,Valid
TRN-0920,28.0007,43.5856,29.5635,31.3067,16.4039,14.6650,21.3004,NaN,20.6462,Valid
TRN-0568,17.0624,18.7827,25.3896,23.4091,9.6033,8.6470,12.7841,69.2815,14.8344,Valid
TRN-0227,10.4857,104.8969,33.4685,24.2937,10.7743,13.4470,12.3912,44.9239,42.3603,Valid
TRN-0581,31.4401,34.7442,44.4525,37.6516,17.7180,15.5660,23.4067,53.4032,23.1496,Valid
TRN-0320,26.2045,71.2287,39.4270,5.5082,16.4818,16.3147,20.7495,74.0760,28.4389,Valid
TRN-0167,9.1955,28.8878,39.9113,21.6789,6.0801,0.0631,7.9135,42.5394,14.3812,Invalid
TRN-0450,12.2914,80.6737,25.0689,28.0900,10.7961,12.1847,12.8570,26.3365,23.8166,Valid
TRN-0287,24.9197,109.5992,39.1933,44.5793,18.6125,19.6007,22.8927,62.0009,54.3793,Valid
TRN-0650,9.3389,69.1289,34.8242,7.8153,8.6751,10.3544,10.3503,43.2764,21.5834,Valid
TRN-0901,24.5837,32.3434,44.0985,18.3583,13.6707,12.6833,18.0113,56.0040,20.0391,Valid
TRN-0031,31.5827,42.3262,21.2104,46.5375,18.0860,15.3435,23.7902,63.3815,21.3218,Valid
TRN-0199,20.0134,74.4171,30.5929,34.5742,14.1476,14.6017,17.3784,29.7774,25.6966,Valid
TRN-0630,24.2394,42.3827,37.0505,29.3917,14.3383,13.4411,18.6192,44.5871,20.1279,Valid
TRN-0605,13.0001,85.6198,45.9440,9.1593,11.1971,13.4391,13.1292,44.0425,32.9308,Valid
TRN-0704,24.0661,67.4291,32.3245,15.8340,15.4074,15.0642,30.0999,60.9044,25.2527,Invalid
TRN-0614,20.2532,103.5468,45.9658,19.1421,15.4626,17.1631,18.7869,44.9124,48.5665,Valid
TRN-0315,17.4271,55.0366,20.4553,35.8880,11.7702,11.6673,14.6101,43.8198,17.1108,Valid
TRN-0018,9.6060,80.1658,36.9003,58.9581,7.4058,5.6122,11.8582,50.8925,26.5112,Invalid
TRN-0669,19.4560,70.6109,26.7711,19.4439,13.9490,13.9951,17.5030,32.6376,22.7601,Valid
TRN-0168,15.3642,103.1518,32.9891,37.3924,13.7518,15.7420,16.2821,60.6418,43.7129,Invalid
TRN-0397,12.6677,60.0778,26.2891,30.8170,10.0417,10.7811,12.4172,51.1660,16.9303,Valid
TRN-0324,18.6204,80.1765,35.0088,24.0491,13.5275,14.4397,16.6685,NaN,28.5561,Valid
TRN-0154,15.6191,87.3070,31.2849,31.8206,12.6735,13.9206,15.2714,60.0861,24.8360,Invalid
TRN-0666,8.1382,65.7363,39.0356,11.4716,7.6017,9.7427,9.2340,32.6448,21.4550,Valid
TRN-0826,28.4712,27.8256,35.3796,21.3808,15.2771,13.2259,19.9430,48.6539,20.0595,Valid
TRN-0131,18.5812,92.6270,32.6780,29.3111,14.2849,15.4514,17.3894,51.1103,34.9359,Valid
TRN-0206,15.6400,43.7312,36.5787,24.7762,10.3069,10.4717,13.1759,67.9744,17.0176,Valid
TRN-0641,24.5801,94.9394,27.6970,34.8704,17.3518,17.6709,21.5468,56.5225,37.4487,Valid
TRN-0478,22.1023,75.3986,39.5437,15.7804,15.0451,15.3171,18.7467,40.8439,29.3263,Valid
TRN-0026,23.3843,84.4197,26.1531,13.7255,16.0969,15.9865,19.9008,42.4546,28.9849,Valid
TRN-0363,12.5154,100.0179,26.6011,17.9126,11.5718,13.6642,13.2085,54.9630,36.6662,Valid
TRN-0430,20.7575,53.4003,34.8645,24.8433,12.9698,12.7579,16.7595,48.1514,19.0719,Valid
TRN-0936,10.8932,25.4503,34.2131,51.1712,7.0372,7.1364,9.1810,62.3112,14.5568,Valid
TRN-0129,21.1678,103.3248,40.2966,38.4533,16.1599,17.4796,19.4539,NaN,47.0142,Valid
TRN-0688,20.0467,29.4538,26.8279,33.6621,11.6891,10.7337,15.4426,54.0091,16.7953,Valid
TRN-0157,22.4119,20.8205,26.7832,21.6598,11.8651,10.3674,15.7410,52.7544,16.6935,Valid
TRN-0422,29.5699,19.6229,39.3521,44.9731,15.9528,13.5415,21.3873,41.8920,20.6111,Valid
TRN-0561,21.2552,28.7530,28.5431,55.9749,14.8131,15.3306,16.1621,58.7379,17.9232,Invalid
TRN-0281,20.3633,63.1516,37.9498,43.2690,14.0488,13.9778,17.9825,33.7963,25.6006,Valid
TRN-0108,18.4548,83.0207,37.7378,7.6421,13.5164,7.7951,16.5216,45.0359,30.0347,Invalid
TRN-0332,19.9914,90.3498,42.0529,54.2919,15.1578,16.3139,18.6910,51.4997,37.3545,Valid
TRN-0185,13.0874,48.0294,42.0912,28.1127,9.6031,10.4584,12.4690,52.8484,46.1158,Invalid
TRN-0746,11.5123,78.7144,35.2434,11.0230,9.9073,11.8385,11.9057,50.1068,25.1387,Valid
TRN-0656,12.9859,56.5878,41.0750,23.6554,9.7232,10.5824,12.1611,23.4386,17.7576,Valid
TRN-0270,18.3775,49.9777,28.7527,20.2610,11.6306,11.4468,14.7626,43.6153,17.1733,Valid
TRN-0462,9.3760,27.3945,36.0394,38.8804,6.3963,7.0118,8.4734,42.8012,14.3644,Valid
TRN-0245,12.2692,79.2162,37.8168,33.9754,10.6367,12.3656,12.7798,33.0432,26.8149,Valid
TRN-0986,16.4933,30.8600,41.2013,54.7611,10.5093,10.1223,13.7721,54.7129,17.9657,Valid
TRN-0905,20.6906,44.6437,44.5003,38.9150,12.5439,12.4742,16.1979,53.5546,20.3892,Valid
TRN-0355,12.6951,77.0043,34.7021,7.1159,10.4104,11.9463,12.3935,66.5491,24.5341,Valid
TRN-0684,28.7954,59.5556,32.8725,33.6192,17.5358,16.2295,22.6425,49.5823,22.6681,Valid
TRN-0433,14.1649,48.5547,35.8988,14.1726,9.8755,10.0800,12.6932,52.2889,17.3311,Valid
TRN-0205,11.8979,97.5440,25.2669,56.4937,11.9180,13.5932,14.1341,49.7389,35.0130,Valid
TRN-0806,25.4865,99.3398,44.0080,55.3353,18.2879,18.9374,22.9072,48.9598,46.4182,Valid
TRN-0177,8.8071,96.5473,34.9594,44.9813,10.2865,12.7489,11.7695,36.0828,36.0541,Valid
TRN-0744,28.2125,108.5078,19.6145,8.0209,19.8403,20.0427,24.2394,52.7439,48.0361,Valid
TRN-0295,28.4910,65.9864,38.1329,46.6129,18.1348,17.2158,23.2680,39.7368,29.2011,Valid
TRN-0948,27.7984,49.1388,26.1832,34.6076,16.6847,14.9078,21.5841,60.4037,21.0112,Valid
TRN-0844,21.3720,93.2079,34.9139,44.3870,15.9030,16.6672,19.6773,49.3534,37.7850,Valid
TRN-0035,21.0816,84.4086,44.5723,45.0304,15.2472,16.1899,18.8470,46.0720,34.8340,Valid
TRN-0971,10.7856,47.0839,39.4542,52.5867,8.5482,9.3426,10.8938,58.0583,16.9186,Valid
TRN-0455,25.6612,102.5107,36.9688,45.8239,18.5978,19.1275,22.9467,48.6426,46.9620,Valid
TRN-0792,14.0843,67.8778,45.1334,50.6130,11.2984,12.3105,14.1442,31.1149,26.6744,Valid
TRN-0662,8.1213,69.3968,29.2810,41.9010,8.2046,10.0533,9.4808,46.9760,19.9671,Valid
TRN-0266,15.9753,99.6298,30.1634,13.0101,13.3042,14.9661,15.6586,44.5860,38.6543,Valid
TRN-0326,30.0836,84.8342,42.2461,45.3787,19.8302,19.4816,24.9872,63.2539,37.3695,Valid
TRN-0173,8.8793,48.0957,34.4588,23.3188,7.1496,8.3093,8.9484,47.6605,15.0183,Valid
TRN-0473,21.7807,79.7624,44.4431,34.0606,15.1516,16.0863,18.7589,49.0243,32.4963,Valid
TRN-0759,14.1698,79.0463,27.4585,28.9708,11.6621,12.8104,14.0205,55.0290,24.5945,Valid
TRN-0090,25.4547,40.4219,23.6058,25.1758,14.7793,13.0121,19.0257,45.9565,18.5905,Valid
TRN-0346,13.4272,55.4707,35.9373,17.5331,9.7561,10.4939,12.1206,55.9888,17.4079,Invalid
TRN-0250,19.1900,70.3763,45.3644,54.5215,13.7609,14.6353,17.4645,53.9176,29.2459,Valid
TRN-0585,19.7951,57.3239,36.9512,42.1921,13.0019,13.2516,16.7210,24.2143,20.1220,Valid
TRN-0057,30.1846,57.0555,30.0486,29.5513,18.1997,16.6974,23.4507,84.1190,22.7050,Valid
TRN-0187,31.0442,84.7434,25.9190,22.4294,19.9745,19.1135,25.0038,51.3905,32.1574,Valid
TRN-0557,15.5447,29.2815,39.9119,30.1967,0.1218,9.5419,12.5008,57.9382,16.9847,Invalid
TRN-0098,21.2152,65.8614,33.6448,35.9575,14.2849,14.3922,18.1252,58.3774,24.6190,Valid
TRN-0734,30.9058,62.5443,43.9515,46.1070,18.7959,17.6931,16.8485,56.4007,30.8448,Invalid
TRN-0718,11.7229,106.4226,33.7749,44.7718,11.9335,NaN,13.9352,52.3137,45.3560,Invalid
TRN-0389,14.6259,73.7701,26.7014,45.6170,11.3153,12.2835,13.6233,67.4187,22.4320,Valid
TRN-0680,20.7467,66.0727,27.8669,12.5571,13.8576,13.7229,16.9478,56.1486,22.4213,Valid
TRN-0709,29.2852,102.7158,48.2417,54.5325,20.3658,20.6792,25.2710,68.8564,54.4227,Valid
TRN-0406,25.1233,40.9434,43.4653,22.5027,22.7285,13.9656,19.5208,49.8444,21.0130,Invalid
TRN-0496,13.5539,39.9312,20.6458,47.9961,8.8443,8.5335,10.9148,48.4001,15.0114,Valid
TRN-0500,18.4778,63.4249,40.0174,37.7434,12.4168,13.2615,15.4617,34.8244,25.4269,Valid
TRN-0238,24.5424,90.2796,44.3099,53.5612,17.2203,17.7766,21.3428,43.8869,39.4690,Valid
TRN-0494,16.9402,91.4089,28.7547,32.7460,13.7494,14.6965,16.6500,55.3822,32.4537,Valid
TRN-0597,11.0549,38.0733,34.9390,28.6861,7.5375,8.2343,9.2702,52.9228,15.2692,Valid
TRN-0749,16.9551,49.3238,37.9182,46.0790,11.5897,11.7664,14.8056,46.5270,18.7843,Valid
TRN-0973,28.9136,58.5679,27.1528,37.1643,17.6326,16.1946,22.4584,51.0747,22.3777,Valid
TRN-0995,14.8736,90.3210,43.7769,6.3052,12.5782,14.5000,15.1172,NaN,35.5870,Valid
TRN-0420,16.7887,100.0701,39.1768,10.3787,13.9253,15.7353,16.7186,56.4779,42.4476,Valid
TRN-0621,20.8151,108.1273,37.7482,18.9016,16.2126,17.5534,19.6291,65.7172,50.4377,Valid
TRN-0128,26.0646,105.4747,36.4848,29.7454,18.6229,19.0469,22.9939,59.9133,49.6719,Valid
TRN-0436,12.9292,15.0079,18.0000,47.7650,7.7726,6.8596,10.0741,61.0090,13.2914,Valid
TRN-0733,11.1191,95.9778,32.2408,9.3445,10.3419,12.6769,11.9418,52.1243,34.3407,Valid
TRN-0451,15.2425,33.3987,35.7329,11.8259,9.3907,9.3412,12.0736,32.7026,16.1840,Valid
TRN-0061,30.0389,73.7471,41.4148,46.8461,19.0801,18.3148,24.1070,44.1980,31.9481,Valid
TRN-0051,31.1752,99.3175,25.9078,5.0950,20.6205,20.1688,25.4065,34.0022,42.1474,Valid
TRN-0093,20.1057,35.7746,27.7187,59.2091,12.5668,11.4561,16.4720,51.1540,18.1969,Valid
TRN-0457,14.4873,100.0648,36.7584,54.3708,12.7881,14.6488,15.1889,44.7178,41.1164,Valid
TRN-0939,22.3374,56.6306,28.9941,18.4958,13.9008,13.3433,17.7527,49.9282,19.3513,Valid
TRN-0872,26.9568,40.5601,40.3636,25.9641,NaN,14.5565,20.7849,74.7142,21.4579,Invalid
TRN-0652,27.0890,62.9070,40.7783,13.4920,16.8702,0.0000,21.7538,66.6104,28.0562,Invalid
TRN-0084,16.1984,104.1310,47.1348,13.1686,13.8563,16.0643,16.4932,45.0811,49.5151,Valid
TRN-0461,10.4319,41.9366,32.0292,45.3324,7.5731,8.4603,9.6327,36.0315,15.0741,Valid
TRN-0615,28.5161,46.1300,36.8821,25.4588,16.5328,15.2790,21.4779,48.4752,21.8358,Valid
TRN-0828,12.2969,56.5112,39.2929,28.3125,9.4048,10.5472,11.7256,NaN,17.4859,Valid
TRN-0082,24.2607,41.2419,35.6057,24.8717,14.0427,13.1631,18.3995,59.6223,20.2629,Valid
TRN-0969,30.7801,21.4751,27.9207,33.4875,16.1614,13.5707,21.6122,NaN,19.9597,Valid
TRN-0675,30.2286,45.8892,26.7456,33.7286,17.4660,15.4147,22.8149,43.5912,21.5850,Valid
TRN-0458,20.8054,64.9584,26.8743,57.8686,14.1824,22.0046,17.7369,45.5514,23.0209,Invalid
TRN-0190,15.2603,79.1605,29.4847,21.3996,11.7469,12.7595,14.0645,19.9086,24.4750,Valid
TRN-0202,25.3237,106.6343,38.8580,25.9433,1.0000,19.0542,22.2274,54.5440,50.9883,Invalid
TRN-0068,12.3176,57.5176,21.5980,48.0110,9.8896,10.3904,12.1167,36.3548,16.2433,Valid
TRN-0214,27.8415,15.6042,28.6918,50.5509,14.7260,12.1316,19.7530,57.1920,19.1633,Valid
TRN-0477,10.8498,54.5137,33.8139,24.3945,8.3735,9.3847,10.2987,66.5264,15.9991,Valid
TRN-0394,17.3998,27.4014,32.6194,7.1219,10.1519,9.3392,13.4439,43.0775,16.0650,Valid
TRN-0530,18.4973,100.7009,36.7309,6.1492,14.4387,16.0742,17.2039,51.6816,42.1886,Valid
TRN-0037,20.7384,99.3801,27.8355,9.0090,15.4736,16.4851,18.3568,61.3818,39.6381,Valid
TRN-0267,12.3628,100.7801,22.3968,23.5885,11.9041,13.7706,13.9312,40.4923,36.3126,Invalid
TRN-0440,9.7342,73.9139,18.0000,45.9480,9.1737,10.3878,10.8464,53.3581,18.5615,Valid
TRN-0697,13.9074,63.9990,35.7160,17.3181,10.4776,11.3127,12.9265,53.7765,22.2870,Valid
TRN-0974,18.1630,28.3580,31.2924,32.1750,10.7058,9.9377,14.0611,50.4900,16.6652,Valid
TRN-0869,31.3848,62.2443,36.8918,34.7087,18.6216,17.3424,23.8142,52.9131,28.7862,Valid
TRN-0025,16.5478,64.1575,36.9451,5.6956,11.3731,6.9911,14.1633,58.3087,22.9904,Invalid
TRN-0523,11.8296,21.4584,32.3691,57.9892,25.0000,7.3582,9.8972,38.2451,14.6204,Invalid
TRN-0172,28.6209,35.1609,28.1335,24.3318,15.7314,13.8399,20.6323,43.6457,19.8299,Valid
TRN-0723,12.3018,61.1450,38.4586,12.2850,9.4748,10.5765,11.5015,53.5863,17.7216,Valid
TRN-0041,15.0980,38.9042,25.1113,36.8095,9.7416,9.5803,12.3840,42.8213,16.1036,Valid
TRN-0958,13.9218,61.6483,44.9454,43.3601,10.3708,11.5150,12.7252,52.0169,19.7819,Valid
TRN-0364,10.1665,93.6094,41.4084,43.4711,10.5852,13.1681,12.3919,36.9169,36.1226,Valid
TRN-0553,12.9588,91.6201,24.6224,7.4809,11.6740,13.1147,13.7081,50.5010,29.8408,Valid
TRN-0253,31.6361,32.2472,36.1817,55.1522,17.5824,15.0875,23.2255,71.4929,22.5182,Valid
TRN-0566,12.9328,79.8868,40.2712,33.5667,11.0130,12.7045,13.3102,37.6164,27.8973,Valid
TRN-0777,8.1947,107.2433,21.4060,55.8882,10.3730,13.0691,11.2021,49.4159,41.5480,Valid
TRN-0485,12.9139,39.8236,23.2491,24.6533,8.4600,8.7627,10.6013,67.1814,14.2112,Valid
TRN-0076,19.9800,51.4139,37.8555,12.2375,12.5667,12.7770,25.0000,21.6472,19.0336,Invalid
TRN-0234,31.8555,89.9514,38.7023,18.5290,20.0978,19.7211,25.2735,50.7539,39.1209,Valid
TRN-0176,16.7604,61.6364,46.4971,55.1082,12.0210,12.6830,14.9245,41.1933,22.1887,Valid
TRN-0931,19.7739,19.7536,27.0141,42.8943,11.0173,9.5235,14.5968,39.2832,16.1916,Valid
TRN-0945,26.7385,70.3804,36.3881,33.2994,17.2828,16.7397,21.7568,56.2922,47.4920,Invalid
TRN-0715,15.2056,97.2858,31.0080,34.6975,12.7327,14.3418,14.9446,45.1902,36.8872,Valid
TRN-0103,11.0967,57.7506,32.1577,49.6601,9.3504,10.2755,11.4103,47.7629,16.6986,Valid
TRN-0522,25.7619,69.1276,32.6964,18.6309,16.2873,15.9744,20.6953,56.4635,25.8008,Valid
TRN-0612,22.9325,95.3390,21.9622,58.4625,17.1118,17.1518,21.0356,37.9274,36.1073,Valid
TRN-0706,12.8318,53.2613,36.8491,11.4673,9.0028,9.9790,10.9948,42.5072,16.8909,Valid
TRN-0409,18.9372,42.7286,30.7494,59.6139,12.0414,11.6014,15.4897,71.2505,18.2680,Valid
TRN-0741,10.1391,102.3696,30.4046,37.2094,10.9162,13.2917,12.6988,45.9982,39.7644,Valid
TRN-0162,13.1679,23.7918,20.5211,29.8586,8.0068,7.4467,10.4513,19.7703,13.4887,Valid
TRN-0980,21.2551,92.5878,23.7463,51.8686,15.8742,16.2173,19.1395,77.3263,33.6704,Valid
TRN-0072,11.3676,24.7966,47.8326,39.7456,7.1229,7.6559,9.5351,59.5152,17.8875,Valid
TRN-0670,13.7125,49.7963,29.9628,30.9329,9.5133,9.9252,12.0310,61.3026,16.1612,Valid
TRN-0884,14.7955,47.2573,38.2309,35.7656,9.9198,10.4887,12.5743,44.5660,17.7695,Valid
TRN-0765,25.7638,21.9445,30.2554,47.5049,13.9020,20.3920,18.6341,52.7792,18.6845,Invalid
TRN-0208,27.5704,85.3055,24.6014,31.3391,18.2797,17.8617,22.6378,50.0485,31.0727,Valid
TRN-0116,17.1843,57.8166,30.8448,31.3097,11.8278,12.0699,14.9209,40.3349,18.4577,Valid
TRN-0807,13.7129,81.1031,27.6251,31.0034,11.2408,12.5312,13.2541,54.4976,25.0497,Valid
TRN-0515,26.6475,106.3383,29.4929,14.2771,19.0362,19.4561,23.4660,35.5775,48.7143,Valid
TRN-0771,10.5103,65.8953,33.8904,15.1601,8.8842,10.4931,10.7892,42.4119,20.7145,Valid
TRN-0252,28.7185,102.2871,26.2899,33.8702,19.6977,19.5107,24.4223,43.5890,44.5550,Valid
TRN-0762,25.9956,109.9526,44.1710,32.6094,19.0835,20.0698,23.5018,26.7068,57.0971,Valid
TRN-0722,13.5483,30.7805,39.3529,46.8138,8.7059,8.8392,11.4471,42.6593,16.6493,Valid
TRN-0309,17.3040,91.7646,36.5064,53.8731,13.7505,15.1453,16.6453,74.8414,35.7241,Valid
TRN-0454,18.7967,65.4734,40.9096,30.0071,13.0694,13.9466,16.4915,57.2370,25.9462,Valid
TRN-0312,11.6104,102.0657,46.6395,55.7037,11.7779,14.4485,13.6518,49.1068,46.3609,Valid
TRN-0191,13.4092,41.6960,35.3431,54.3964,9.4945,9.7070,12.2115,45.3013,16.8215,Valid
TRN-0913,30.3803,53.4373,35.2678,10.1371,17.5759,16.0709,22.6921,36.9262,22.5101,Valid
TRN-0426,15.6630,92.9721,42.0626,10.8552,12.5411,14.5453,14.8675,57.4867,36.7578,Valid
TRN-0286,11.8760,58.3091,18.0000,17.1002,8.8853,9.7133,10.5956,51.7181,14.8376,Valid
TRN-0400,15.8294,42.4610,36.6762,38.4979,10.6434,10.7181,13.7955,58.1528,17.2660,Valid
TRN-0498,9.2470,29.5362,30.9868,39.7963,6.3095,6.6922,8.0435,23.9261,14.0908,Valid
TRN-0379,27.3635,80.9819,24.8846,40.6870,17.9053,17.2384,22.3222,41.2935,28.7559,Valid
TRN-0120,27.6676,107.9200,25.5340,37.3577,19.7172,19.6141,NaN,66.4597,49.6937,Invalid
TRN-0062,13.8465,88.0545,18.0000,14.4881,11.6940,12.8662,13.6891,56.6009,25.5005,Valid
TRN-0216,10.4524,20.9992,31.1693,8.7182,6.1330,6.6738,8.1383,61.5106,13.2191,Valid
TRN-0246,20.7832,99.3301,37.9236,7.0177,15.7143,16.9205,18.9945,72.4032,42.2102,Valid
TRN-0303,15.7997,94.2261,39.2941,32.7851,13.1259,14.9899,15.8749,46.3433,37.2738,Valid
TRN-0213,30.1751,79.3309,21.9507,18.1772,18.7655,17.5128,23.4268,32.0832,27.5048,Valid
TRN-0156,19.8281,70.9773,33.1628,38.3599,14.1726,14.2610,17.9427,42.5564,25.1633,Valid
TRN-0703,26.2089,54.9740,41.1151,26.2730,16.2704,15.1831,20.9480,45.5269,21.8275,Valid
TRN-0702,19.4301,32.9910,28.6255,59.8097,12.1253,11.1045,15.7981,39.8642,18.0492,Valid
TRN-0784,15.8702,15.6296,39.2104,56.6342,9.2844,8.3762,12.6375,53.5794,15.9125,Valid
TRN-0929,10.8657,63.1203,31.5599,52.7209,17.2812,10.3317,11.1108,76.6147,20.9920,Invalid
TRN-0997,15.1471,61.1764,30.4936,18.3832,11.3087,11.8006,14.0115,64.2960,18.0475,Valid
TRN-0368,26.4526,41.6867,25.0217,25.7021,15.4035,13.8786,20.0559,44.0599,19.4551,Valid
TRN-0015,9.8697,106.5144,35.5240,34.3863,10.9308,13.7430,12.4704,36.7460,45.2592,Valid
TRN-0342,28.6801,34.5847,34.5762,26.7751,15.7586,14.1680,20.6559,41.1764,20.8710,Valid
TRN-0435,16.7485,20.8459,32.3547,55.9328,10.1249,9.1295,13.6252,42.7239,16.4881,Valid
TRN-0219,31.6478,62.8966,31.4592,47.6283,19.2432,17.5298,24.8905,52.5683,27.1426,Valid
TRN-0863,10.7320,30.3546,18.0000,26.3220,6.7881,6.7639,8.8119,71.1859,12.5632,Valid
TRN-0217,12.8841,56.0493,29.0429,48.7273,13.6670,16.5939,12.7182,55.1213,17.1996,Invalid
TRN-0791,22.6952,45.4420,31.1286,36.3539,13.5856,12.7301,17.5582,51.0872,19.3063,Valid
TRN-0993,30.9210,107.6670,40.2538,39.6437,21.2226,21.4006,26.4027,52.0188,54.5231,Valid
TRN-0481,28.8309,92.0524,22.5305,20.2385,19.4131,18.7107,24.0829,24.1901,34.7951,Valid
TRN-0237,15.9260,15.8727,28.8574,49.7271,9.1475,8.3813,12.2518,39.5061,15.0726,Valid
TRN-0424,31.7660,63.1176,34.6055,14.9161,18.9696,17.6123,24.3552,47.8771,27.2886,Valid
TRN-0224,22.1138,69.3864,45.2051,24.9273,14.8369,14.9851,18.8101,50.5464,29.6462,Valid
TRN-0024,17.4295,76.4987,41.6689,49.1177,12.8582,14.1314,15.8929,NaN,28.5819,Valid
TRN-0761,8.4072,51.5741,32.3668,9.8077,7.0520,8.3476,8.6095,67.8790,14.9056,Valid
TRN-0551,23.5579,70.8232,32.6027,43.3158,15.7487,24.8572,19.3857,22.1708,26.5820,Invalid
TRN-0768,24.9567,103.8645,43.7261,16.1546,17.6763,NaN,21.7368,53.8115,49.1874,Invalid
TRN-0109,22.8710,98.2611,23.1992,7.9469,16.5071,16.9606,20.0505,53.2645,37.4384,Valid
TRN-0873,26.6998,56.1904,35.4160,31.4179,16.3946,15.2187,21.3825,41.5613,21.7451,Valid
TRN-0589,23.5742,80.0256,28.2073,5.4162,15.6847,15.9431,19.5115,52.9688,22.5337,Invalid
TRN-0203,12.9827,26.2827,18.5198,33.0949,8.5219,-0.2015,11.2283,67.3265,13.8386,Invalid
TRN-0963,22.0301,29.5810,24.2657,46.4353,12.6477,11.2868,16.7821,72.0159,17.5945,Valid
TRN-0445,21.4500,50.8455,34.0144,31.5401,13.5733,13.0423,17.1751,47.7971,19.8208,Valid
TRN-0935,9.4254,88.5794,30.4932,48.8792,9.9960,12.1686,18.5332,39.0483,29.1563,Invalid
TRN-0415,19.1770,89.8922,38.4577,56.7523,15.2102,15.9875,18.7290,36.1364,36.2324,Valid
TRN-0209,29.9956,79.3101,32.0155,17.0610,18.8294,18.2246,23.9815,35.0363,30.7826,Invalid
TRN-0544,27.3237,36.5954,27.8369,36.5974,15.3085,13.4413,19.8104,29.1183,20.0523,Valid
TRN-0111,20.1785,19.6058,37.9269,15.0994,11.1270,10.1191,14.7335,33.4432,16.8476,Valid
TRN-0526,31.4644,29.2370,41.6587,52.3510,17.3032,15.1398,22.8723,49.0786,22.4432,Valid
TRN-0940,9.6406,56.2683,24.8761,48.8917,8.3068,9.0676,10.0189,32.4217,15.3632,Valid
TRN-0838,31.9320,79.8589,32.6147,44.5479,20.6119,19.6283,25.9704,14.6559,32.5568,Valid
TRN-0708,17.9052,36.8289,26.0267,32.4417,10.9760,10.3199,14.1071,40.9626,16.3153,Valid
TRN-0075,10.6255,33.6857,32.3691,40.2823,7.5093,7.9531,9.6454,54.1340,14.8973,Valid
TRN-0321,16.4319,106.2896,25.8871,25.6540,14.4604,15.8430,1.0000,69.2522,44.1173,Invalid
TRN-0867,12.4308,52.8897,31.9177,46.8840,9.4185,10.1833,11.7055,NaN,17.0184,Valid
TRN-0416,16.6191,71.8971,38.4489,6.7605,12.0738,13.1961,14.7668,NaN,25.4373,Valid
TRN-0188,26.6142,90.5936,48.4553,12.0777,17.7157,18.4443,22.0111,NaN,43.1445,Valid
TRN-0050,11.9381,73.8834,36.8656,56.3173,10.3871,11.8330,12.4416,62.0085,25.2323,Valid
TRN-0150,26.2178,25.4714,35.5228,48.3043,14.3505,12.5800,19.1492,42.9530,19.5769,Valid
TRN-0142,21.3253,74.4008,46.0511,24.5985,14.5831,15.3581,18.2474,47.2732,31.2509,Valid
TRN-0133,8.0760,29.8006,45.4033,12.3513,5.9675,7.1174,7.6489,60.1719,15.0277,Valid
TRN-0906,25.8413,81.9552,43.1604,47.0577,17.4843,17.5310,22.1277,41.4904,34.7399,Valid
TRN-0894,9.8798,101.6812,38.8328,20.6455,10.6819,13.5792,12.2654,34.8847,41.2056,Valid
TRN-0944,9.9425,82.4452,35.8081,40.7018,9.6835,11.9735,NaN,50.8812,27.0719,Invalid
TRN-0030,31.3419,73.0867,33.8379,8.3587,19.2448,18.2686,24.2910,54.3545,29.1257,Valid
TRN-0302,24.9096,36.4844,36.5374,37.3227,14.0630,13.0071,18.5927,61.9299,19.6812,Valid
TRN-0623,16.5307,105.1387,45.2880,58.5650,14.3957,16.4442,17.1558,35.4316,50.0012,Invalid
TRN-0230,17.3550,73.8506,31.1921,18.0737,12.7189,13.4710,15.6576,56.9299,24.5185,Valid
TRN-0060,19.2254,85.8028,25.5407,7.2014,14.0182,14.7872,17.1449,74.0543,28.3885,Valid
TRN-0546,23.5675,93.8871,42.1150,39.0131,16.7881,17.4537,20.6970,64.5418,40.7055,Valid
TRN-0210,30.7343,45.0422,45.8651,6.7379,17.3434,15.8132,22.8473,36.1972,23.9181,Valid
TRN-0893,14.6172,18.3131,44.6837,8.8063,8.0847,8.1434,10.6928,87.7375,16.0594,Valid
TRN-0797,20.8602,47.6941,30.5210,34.8513,12.9399,12.4513,NaN,17.2785,18.6989,Invalid
TRN-0482,15.4736,30.7634,31.3967,13.3708,9.1938,9.1559,11.9994,33.9757,15.6428,Valid
TRN-0469,9.7518,38.6358,39.6464,44.0459,7.2393,8.3028,9.3167,22.5854,15.7717,Valid
TRN-0078,30.5467,109.1931,43.2382,33.7685,20.9985,21.4309,25.9315,77.0158,57.4073,Valid
TRN-0240,15.0667,104.1581,36.4027,33.9430,13.3738,15.3232,15.8001,51.3264,44.9059,Valid
TRN-0787,25.5006,45.3000,39.6521,11.5301,14.4892,13.5630,18.6989,53.7007,20.2559,Valid
TRN-0658,8.1970,36.7874,36.1863,47.6958,6.2612,7.4791,8.1375,47.2552,14.6794,Valid
TRN-0243,11.3687,28.3467,45.6981,56.6098,7.6108,8.0341,9.8510,62.3478,16.7750,Valid
TRN-0506,14.2378,29.0391,42.7409,35.8399,8.9455,8.8975,11.7290,39.6624,16.2324,Valid
TRN-0732,31.7669,86.9219,26.3532,49.2088,20.5981,19.3910,25.9812,57.9927,33.7325,Valid
TRN-0489,26.6060,74.4996,26.1555,14.4390,17.1607,16.5283,21.4351,37.1672,25.8404,Valid
TRN-0842,8.4367,41.2956,39.4313,21.0233,6.7362,7.9235,8.6162,54.0452,14.9845,Valid
TRN-0988,21.9567,31.7733,22.7884,5.9133,12.9157,11.3820,16.8997,47.4598,16.6707,Valid
TRN-0721,16.9431,86.3196,27.0104,38.5934,13.4948,14.3679,16.2830,65.9021,28.9001,Valid
TRN-0646,25.9459,17.3392,44.5590,44.8019,13.7463,11.9815,29.9373,48.0835,20.3064,Invalid
TRN-0681,15.4946,24.9221,38.7031,11.3605,9.2215,9.0022,12.0966,51.5528,16.1210,Valid
TRN-0137,22.2192,100.6760,37.4391,56.4213,17.3095,10.6228,21.2274,45.9637,44.5411,Invalid
TRN-0474,19.7376,68.2093,24.9525,24.9240,13.4189,13.5545,16.9523,56.4578,21.7249,Valid
TRN-0793,29.9433,90.2695,38.0274,29.5678,NaN,19.3140,24.3668,51.4928,38.8282,Invalid
TRN-0300,28.3887,54.9243,24.6385,26.9051,16.6301,15.3415,21.3679,23.2394,21.2878,Valid
TRN-0096,24.6363,36.2400,34.7335,15.5026,13.8960,12.6338,18.1854,56.9828,19.1808,Valid
TRN-0399,10.3861,18.7855,32.6305,50.6218,6.3956,6.3908,8.4581,20.3764,13.2902,Valid
TRN-0392,10.1905,67.5579,25.3445,35.5989,9.0985,10.2070,10.7316,48.0055,18.7934,Valid
TRN-0922,29.8423,23.2777,32.2842,35.1458,16.0758,13.5681,21.4980,52.7638,20.4154,Valid
TRN-0674,10.2641,67.6886,36.7714,5.0434,8.7660,10.3713,10.3567,76.1003,21.7744,Valid
TRN-0805,15.6191,87.3070,31.2849,31.8206,12.6735,13.9206,15.2714,60.0861,30.0341,Invalid
TRN-0849,18.5832,83.5181,42.8469,19.2857,13.6044,14.8572,16.5177,38.1275,31.9025,Valid
TRN-0720,8.7305,38.7524,42.7652,39.9730,6.9272,7.8504,8.7984,39.3478,15.6642,Valid
TRN-0244,13.7541,79.6813,23.9523,25.6729,11.4130,12.2854,13.6117,77.2696,23.4988,Valid
TRN-0584,14.8001,41.6142,34.1941,23.5459,9.4725,9.6892,11.9039,71.7649,16.9156,Valid
TRN-0393,22.8787,26.2566,33.3296,26.8598,12.6389,11.2659,16.9462,36.9610,18.0061,Valid
TRN-0046,12.6004,70.0120,26.6228,27.8050,10.1212,11.1769,11.9567,43.7905,20.5183,Valid
TRN-0055,13.7835,22.7040,46.1581,56.4581,8.6208,8.5332,11.4585,31.2953,18.0216,Valid
TRN-0040,30.7001,21.7619,23.3392,38.6122,16.4355,8.5150,22.2017,59.9267,19.5066,Invalid
TRN-0604,29.1572,28.9227,36.6761,40.8287,16.2795,7.4881,21.7575,56.1516,21.4041,Invalid
TRN-0383,19.2690,79.1736,31.6065,46.7932,14.3271,14.7891,17.4732,NaN,27.4728,Valid
TRN-0631,16.4187,61.9808,30.0559,32.3224,12.0878,12.3883,NaN,29.1391,18.9129,Invalid
TRN-0596,14.7864,22.9753,32.5720,55.8310,8.9076,8.5735,11.5828,NaN,16.1452,Valid
TRN-0954,9.0295,82.9809,39.0311,45.0216,9.3595,11.4610,11.1991,41.8283,28.6045,Valid
TRN-0069,10.6599,55.4415,45.4533,57.3204,8.7772,10.3300,10.7495,50.0292,18.0376,Invalid
TRN-0195,14.6346,44.3665,26.2526,39.6835,10.1485,10.0617,12.6422,48.8083,15.6746,Valid
TRN-0104,19.0061,71.4244,23.5275,37.0969,13.4861,13.6011,16.8051,48.3686,21.7428,Valid
TRN-0751,11.0406,64.0415,40.4972,35.0060,9.1935,10.7225,11.2221,46.5270,22.9613,Valid
TRN-0537,18.6335,82.6128,23.4196,29.3012,13.8318,14.2130,16.8344,51.8193,26.1312,Valid
TRN-0348,18.6216,39.1216,29.5936,25.5068,10.9669,10.4217,13.9351,53.0223,17.3091,Valid
TRN-0730,15.3273,38.6999,49.7777,59.2633,10.4496,10.8623,13.4307,39.9543,22.7637,Valid
TRN-0961,25.6003,45.6984,36.3889,34.2858,15.3215,14.1184,19.8526,55.4214,20.6785,Valid
TRN-0818,31.0474,62.9038,35.1896,55.5623,19.3378,17.6333,25.0756,55.3385,28.5424,Valid
TRN-0794,14.4618,61.9058,19.4627,33.2112,11.0829,11.4122,13.8348,34.7131,16.3831,Valid
TRN-0488,9.8739,48.5443,43.9823,34.3589,7.7772,9.2292,9.8748,83.8846,16.7146,Valid
TRN-0577,26.2007,23.6865,40.4527,22.2490,14.2341,12.3775,18.9363,43.5085,19.5382,Valid
TRN-0388,15.6353,93.2888,38.4491,16.0241,12.4655,14.2449,15.0064,52.6342,35.8424,Valid
TRN-0490,22.4352,87.3990,34.9840,8.6671,21.8695,16.3441,19.4985,66.3187,33.2397,Invalid
TRN-0774,13.1669,55.9826,37.9946,32.6052,9.6036,10.6482,12.0089,51.8564,17.6295,Valid
TRN-0590,19.0194,19.1802,35.4244,47.6908,10.8729,9.8968,14.7725,63.4353,17.0471,Valid
TRN-0968,16.2319,44.2376,28.2520,32.7977,10.8080,1.0000,13.7394,58.1263,17.1679,Invalid
TRN-0601,15.4779,79.9642,26.6642,23.6025,12.3091,13.4402,14.9589,32.7272,25.3258,Valid
TRN-0694,12.3620,80.5709,36.3399,24.5401,10.7301,12.2892,12.8727,46.5269,26.5544,Valid
TRN-0996,25.2864,105.1935,21.2535,30.0310,18.4286,18.6152,22.6584,44.7668,44.5171,Valid
TRN-0550,28.8379,92.9334,31.6963,6.1701,19.1578,19.1947,24.0263,68.1967,38.0388,Valid
TRN-0362,26.0027,31.8043,38.6549,39.2623,14.4526,12.9979,18.9192,41.6736,20.6107,Valid
TRN-0403,14.6020,90.8334,34.2720,23.6169,12.1854,13.8431,14.3235,48.3280,32.9934,Valid
TRN-0895,13.3030,23.5239,36.4808,54.2996,8.2400,8.2477,11.1047,60.4973,15.8924,Valid
TRN-0710,14.9713,90.0616,47.0818,58.2860,13.3060,15.1173,16.1489,49.4095,38.4550,Valid
TRN-0081,15.3642,103.1518,32.9891,37.3924,13.7518,15.7420,16.2821,60.6418,22.2325,Invalid
TRN-0505,27.9057,79.2635,35.0412,51.9587,18.3341,18.1298,22.9740,50.8913,31.4153,Valid
TRN-0671,22.0527,73.0502,31.3211,59.7622,15.2807,15.2178,18.7654,NaN,26.3962,Valid
TRN-0923,20.3823,81.3954,43.0469,42.3267,14.7449,15.4901,17.9001,68.6376,31.9883,Valid
TRN-0456,16.2823,42.0499,42.1286,55.2509,10.9330,11.0010,14.1658,34.9553,18.4806,Valid
TRN-0864,17.7488,98.5119,38.5198,30.0701,14.3138,15.8699,17.2717,65.6793,41.1520,Valid
TRN-0728,12.9937,91.5476,34.1973,59.2556,11.6285,13.3281,13.6989,39.3368,33.5320,Valid
TRN-0795,19.6172,75.9294,47.4861,24.8512,14.0893,15.1071,17.4548,11.4004,32.7368,Valid
TRN-0339,19.8769,88.9244,43.5160,5.9050,14.5352,15.9001,18.0220,47.0218,35.8431,Valid
TRN-0755,10.3894,48.2646,38.2092,52.4993,8.0078,9.0870,1.0000,55.6166,16.6688,Invalid
TRN-0926,27.2448,94.7248,46.3557,8.5644,18.4610,18.9053,23.0699,55.0239,44.0690,Valid
TRN-0340,15.9289,42.4987,37.1452,21.9601,10.0484,10.4299,13.1923,47.0975,17.1411,Valid
TRN-0624,21.2688,60.1272,41.6207,7.4565,13.4904,13.7243,17.1971,63.1803,20.5506,Valid
TRN-0985,31.1523,68.3503,25.5586,59.5274,19.4935,17.9270,24.8405,47.4029,26.3345,Valid
TRN-0860,24.0826,100.8102,38.7076,45.2535,17.6853,18.6204,21.6450,52.8524,45.3171,Valid
TRN-0560,16.1905,108.6933,41.8279,25.9057,14.0794,16.4719,16.6420,45.5852,50.7461,Valid
TRN-0811,9.9206,20.4528,30.4694,39.4752,6.1355,6.2873,7.9233,49.7870,13.4197,Valid
TRN-0395,22.5343,64.3109,38.3310,33.4681,14.7128,14.8326,18.3668,42.5264,26.0598,Valid
TRN-0839,17.7608,75.6050,32.4239,44.9230,9.5081,18.8042,16.0689,59.2908,26.1826,Invalid
TRN-0779,25.1402,21.4874,30.0153,21.5418,13.4180,11.7585,17.7983,42.8532,17.9676,Valid
TRN-0543,31.2911,105.0903,31.7883,17.9763,21.0594,20.9426,26.2067,40.3385,49.5902,Valid
TRN-0158,12.4820,83.5838,47.1746,30.2478,10.9729,13.2646,13.0821,47.6153,33.0264,Valid
TRN-0799,30.8482,39.4561,32.0324,45.0936,17.3909,15.3215,22.5071,40.4930,21.9518,Valid
TRN-0946,13.2616,50.6899,55.0000,49.9586,9.9141,11.1639,12.7180,51.5653,31.2415,Valid
TRN-0927,29.9956,79.3101,32.0155,17.0610,18.8294,18.2246,23.9815,35.0363,22.2720,Invalid
TRN-0952,19.9942,26.8465,29.7538,57.0471,11.6796,10.6768,15.1548,40.8558,17.1858,Valid
TRN-0608,23.0912,102.8310,33.9404,27.2584,17.0564,18.1608,20.6736,35.8498,45.0975,Valid
TRN-0212,28.1417,37.9691,30.4029,8.6425,15.5882,13.9026,20.4289,63.8414,19.7482,Valid
TRN-0480,27.3220,76.3904,41.6053,33.0416,17.5094,17.3568,22.1297,45.2954,31.3074,Valid
TRN-0904,27.5889,104.0795,31.2045,10.8247,19.3299,19.5557,23.7529,57.4735,46.9314,Valid
TRN-0607,31.6984,85.3830,34.2637,43.8615,20.6039,19.7762,26.0590,39.3149,35.5228,Valid
TRN-0855,18.2230,90.6313,43.6143,44.7851,14.0844,15.6534,17.2858,55.8555,37.0514,Valid
TRN-0879,11.3702,44.4605,35.0734,18.8139,7.6823,8.5735,9.4497,32.7382,15.8432,Valid
TRN-0667,20.5759,66.0268,39.7271,8.0398,13.5048,14.0092,16.7079,NaN,25.1861,Valid
TRN-0232,25.2036,28.9334,44.8020,5.7853,13.8939,12.7363,18.2984,27.0032,20.0864,Valid
TRN-0299,10.8536,90.8684,43.7084,46.9120,10.7011,13.3510,12.6556,36.3631,34.8475,Valid
TRN-0629,14.2988,42.7850,24.3751,19.3489,9.2957,9.3953,11.7582,36.5274,14.9091,Valid
TRN-0858,12.0426,90.9269,41.1424,58.8622,11.5075,13.5628,13.7263,25.9471,35.2273,Valid
TRN-0994,31.4790,66.1376,36.8939,37.3446,19.2898,18.0916,25.1163,49.7064,29.0660,Valid
TRN-0306,12.0896,66.7640,43.5460,58.8661,10.5087,11.7680,12.7788,48.0543,25.4666,Valid
TRN-0654,30.3560,29.8437,35.6745,25.3967,16.4481,14.2943,21.8471,51.0801,21.3468,Valid
TRN-0917,20.7858,80.9429,23.3754,28.3602,14.7805,15.0026,17.9280,50.4003,26.1378,Valid
TRN-0231,8.9741,73.6868,34.6765,46.3911,9.1534,10.9602,11.1196,54.2336,23.0156,Valid
TRN-0460,13.0325,36.4353,31.1180,31.2438,8.8575,9.0498,11.4620,46.7658,15.5132,Valid
TRN-0492,26.9740,109.1412,35.2551,20.3360,19.3928,19.9942,23.7120,49.4724,53.2122,Valid
TRN-0825,14.2264,65.2297,43.6970,14.8851,10.7876,12.0693,13.4388,52.6319,24.4596,Valid
TRN-0279,28.1433,53.0824,26.9006,24.9433,16.5775,15.0595,21.2309,39.2582,20.5945,Valid
TRN-0580,20.7178,87.4295,35.0108,32.2177,15.2348,16.1487,18.8910,37.4758,33.0419,Valid
TRN-0992,20.0663,24.4830,20.4949,24.4851,11.0659,9.5470,14.6624,45.0741,15.1198,Valid
TRN-0934,28.9521,51.5316,32.3843,17.1933,17.0320,15.6461,22.0260,46.7956,21.7565,Valid
TRN-0639,11.2055,43.5114,28.9708,11.3600,7.9908,8.2359,9.7130,27.9780,14.8310,Valid
TRN-0925,13.0887,88.1928,20.6398,53.3602,11.8486,13.1677,14.1438,NaN,27.0547,Valid
TRN-0248,31.1702,18.7008,31.3748,17.3117,16.3683,13.5779,21.9244,29.7631,19.7809,Valid
TRN-0603,8.8562,61.2720,41.5147,49.3900,8.2400,10.1728,10.0057,52.6683,17.5078,Valid
TRN-0331,11.7783,61.7532,36.1857,44.4969,9.8411,11.0247,12.0563,42.2089,17.8132,Valid
TRN-0880,14.3554,80.7277,36.6894,42.2005,11.6525,12.9311,14.0514,43.5984,27.8627,Valid
TRN-0957,13.6601,20.7979,28.9273,8.7786,7.6502,7.3796,9.8889,49.1654,13.8318,Valid
TRN-0049,16.6379,22.9675,37.3504,24.5539,9.2704,8.9039,12.3042,61.3833,18.2907,Invalid
TRN-0672,10.4017,94.1760,42.7809,47.8004,10.6580,13.2771,12.2693,48.7245,36.7346,Valid
TRN-0149,30.0603,30.6259,45.1385,20.2957,16.4249,14.5254,22.0025,63.7675,22.5606,Valid
TRN-0043,26.7385,70.3804,36.3881,33.2994,17.2828,16.7397,21.7568,56.2922,28.2093,Invalid
TRN-0475,8.4407,29.3713,26.7360,15.0339,5.5953,6.0394,7.1674,56.8469,12.4217,Valid
TRN-0094,20.2004,33.8246,42.3345,56.0389,12.2750,11.9758,16.3095,46.8705,19.4108,Valid
TRN-0699,25.3968,42.5781,45.6480,32.0126,14.7369,14.0347,19.4984,26.1358,21.9877,Valid
TRN-0429,18.2082,87.8108,29.2494,47.7102,14.4553,15.2315,17.5997,68.9768,31.3554,Valid
TRN-0222,8.1560,109.6769,19.7180,56.7778,10.7010,13.1576,11.8038,53.4784,43.3669,Valid
TRN-0942,19.2054,107.1021,18.0000,5.8085,15.3580,16.4014,25.0000,52.6974,42.6685,Invalid
TRN-0606,20.5377,78.2359,45.0899,11.4440,14.2227,15.1222,17.7694,61.2312,31.1359,Valid
TRN-0657,10.1548,78.9897,19.9993,20.4257,9.6000,10.9935,11.0630,49.5939,20.3016,Valid
TRN-0465,14.5587,27.9441,37.8851,26.3035,8.8334,8.6490,11.5010,65.7546,15.6287,Valid
TRN-0197,14.2408,105.4790,30.9985,30.0336,13.0315,14.9384,15.3070,57.4108,43.6497,Valid
TRN-0824,8.0753,73.0359,34.8506,57.1359,8.5944,10.5842,9.8138,40.2737,23.1994,Valid
TRN-0564,15.1124,15.9033,29.8045,46.0193,8.8306,7.8828,11.7593,38.4735,15.0896,Valid
TRN-0359,11.9906,47.9505,29.2309,20.6433,8.6461,9.3415,11.1253,55.1580,15.3801,Valid
TRN-0005,31.7051,81.8470,21.9615,30.4523,20.2277,25.4034,25.5256,43.5755,29.9111,Invalid
TRN-0682,22.2018,29.9350,38.0634,19.5930,12.7022,11.7903,0.0000,45.4414,18.6498,Invalid
TRN-0011,10.0962,75.7603,26.4536,6.7376,9.2036,10.7256,10.7899,40.4481,20.9826,Valid
TRN-0753,11.4114,83.2642,29.5597,22.0587,10.3796,12.1992,12.4018,45.8450,26.0354,Valid
TRN-0610,17.4596,49.3322,31.8449,47.1965,11.9265,11.6705,15.3176,17.9856,18.4186,Valid
TRN-0752,27.5321,104.1348,19.8537,20.3276,18.9002,18.7125,22.9450,53.9321,43.4268,Valid
TRN-0472,30.5658,68.7743,28.8329,18.2417,18.7264,17.2179,23.8314,49.7545,26.4916,Valid
TRN-0625,9.9363,72.7565,28.4236,57.0454,9.2928,10.7725,11.2855,60.3008,21.4890,Valid
TRN-0516,25.6953,78.0962,33.7458,10.1444,16.9421,16.6385,21.2893,40.3443,29.0740,Valid
TRN-0192,16.6250,65.7594,25.9257,51.4749,12.4740,12.7318,15.4054,44.6741,21.2644,Valid
TRN-0593,12.9218,79.8410,18.2530,11.1248,10.3988,11.3970,12.3804,63.6570,20.6349,Valid
TRN-0989,10.7670,88.2289,31.8686,9.0143,10.0355,12.2805,11.6549,35.0607,28.7248,Valid
TRN-0345,13.1113,42.1604,32.3812,21.9573,9.0446,9.4425,11.1990,45.4795,15.9588,Valid
TRN-0972,9.2753,83.9534,36.9842,8.8285,8.9458,11.4295,10.3373,47.9680,27.1400,Valid
TRN-0611,24.2081,49.7246,37.6504,49.9756,15.0106,13.9152,19.7526,44.4560,21.0417,Valid
TRN-0387,22.1857,108.7758,46.1122,9.3895,16.6736,18.3914,20.4109,42.2442,54.9288,Valid
TRN-0739,25.8255,92.7611,21.4121,43.8191,18.0762,17.7884,22.3099,NaN,34.6014,Valid
TRN-0385,21.4684,24.2074,51.1547,9.6704,4.2763,11.1726,15.5607,34.8294,24.3642,Invalid
TRN-0750,29.7969,106.9523,26.6934,41.0805,24.0889,26.7829,26.1942,58.5502,49.6786,Invalid
TRN-0903,13.3298,38.8389,36.8858,41.6901,8.9888,9.1864,11.3527,45.5143,16.0267,Valid
TRN-0738,29.8147,87.4272,30.4699,31.5319,19.7454,18.9940,24.7047,50.4352,34.8402,Valid
TRN-0282,19.8436,19.3347,26.5655,38.0176,11.1156,9.5050,14.7531,76.5468,16.3934,Valid
TRN-0291,30.2047,71.6651,36.8927,13.2630,16.0347,24.0258,23.2583,42.3600,28.7441,Invalid
TRN-0778,16.6040,61.3112,28.0844,31.8997,11.5426,11.8832,14.3926,45.6454,17.9512,Valid
TRN-0484,28.1256,35.4388,27.7630,31.9165,15.7323,13.6462,20.7239,46.9256,20.0187,Valid
TRN-0466,17.4179,59.3084,41.5584,39.7374,12.1441,12.6869,15.4975,69.6562,19.8007,Valid
TRN-0164,8.6726,39.9300,24.6070,16.2767,6.5397,7.3449,8.0776,48.1796,13.7160,Valid
TRN-0643,19.4210,64.6782,36.3881,37.1871,13.2121,13.4758,16.7204,51.2379,24.5014,Valid
TRN-0822,18.6213,87.9184,42.9191,47.5586,14.2970,15.3358,17.1230,42.1204,35.5169,Valid
TRN-0981,10.7595,105.2780,24.2426,52.1488,11.6200,13.9275,13.3055,59.7584,41.5242,Valid
TRN-0908,27.8591,102.5299,53.6441,24.4940,19.5418,20.3744,24.2225,67.1528,61.5848,Valid
TRN-0619,26.3233,46.2621,33.3481,11.6472,15.1545,14.1351,19.8306,55.0993,20.4688,Valid
TRN-0725,8.1896,17.9727,30.2487,21.0372,5.1127,5.1157,6.9266,53.0493,12.1006,Valid
TRN-0027,13.0095,81.6662,36.1891,30.9851,10.9107,12.4719,13.2120,41.6236,27.5462,Valid
TRN-0977,30.4893,66.2271,30.3915,20.2387,18.5269,17.2667,23.8067,28.6405,26.2595,Valid
TRN-0846,21.3040,76.9652,36.8208,32.1562,14.8184,15.2216,18.4954,46.6681,28.8400,Valid
TRN-0802,27.5341,71.2459,40.3411,26.0415,NaN,16.6662,21.4988,30.8119,29.7294,Invalid
TRN-0613,28.6824,17.4567,31.8156,44.5882,15.2978,12.6121,20.6883,30.8928,19.9859,Valid
TRN-0375,24.5231,33.6836,33.5914,39.5702,14.0647,12.4138,18.4652,43.0798,19.3717,Valid
TRN-0567,30.1268,104.7730,33.1834,28.2740,20.8195,20.8039,25.8688,33.5798,49.6680,Valid
TRN-0661,12.8536,40.5512,40.5286,13.2647,8.3338,9.0615,10.5083,45.9673,16.2105,Valid
TRN-0861,17.8071,15.9379,32.8941,21.6395,9.3956,8.4354,12.5726,70.5344,15.1523,Valid
TRN-0638,9.6614,48.9719,44.3368,45.4107,7.8401,9.2749,9.8958,69.2487,16.9161,Valid
TRN-0514,26.9550,45.9404,34.6901,13.1187,15.7412,14.3547,20.4262,54.4091,20.7535,Valid
TRN-0259,23.0657,42.9110,38.0517,39.6462,13.8359,12.9469,17.9174,63.5056,20.3868,Valid
TRN-0933,17.3708,23.4709,18.7350,59.2931,10.2461,25.0000,13.3719,57.3816,14.7440,Invalid
TRN-0785,29.2826,95.2054,38.9050,21.6583,19.4396,19.4103,24.0824,44.8928,41.8587,Valid
TRN-0571,13.3798,108.8273,47.6743,39.2389,12.9020,15.7407,14.9064,41.0039,54.0826,Valid
TRN-0101,27.1641,67.3367,30.4670,27.2513,16.6269,15.7919,20.9665,17.2228,25.5682,Valid
TRN-0308,23.1844,42.4018,45.5385,31.0286,13.9486,13.2804,18.2066,50.2510,21.1597,Valid
TRN-0447,9.8677,61.8151,26.3059,40.8132,8.7661,9.7498,10.4597,49.9564,16.3916,Valid
TRN-0354,19.9900,35.7008,43.5281,16.9993,12.0356,11.3939,15.8399,48.0139,18.4616,Valid
TRN-0719,9.0559,36.9234,28.2051,39.7250,6.4650,6.9443,7.9157,57.0223,13.4854,Valid
TRN-0517,14.5943,18.3444,38.0527,7.3834,8.2053,8.0438,10.9748,48.0008,14.8727,Valid
TRN-0956,26.9366,106.6938,40.8469,10.7934,19.0883,19.8202,23.5776,47.9480,52.2691,Valid
TRN-0200,21.7524,47.4856,43.3585,56.2893,13.7971,13.4394,17.6142,20.2815,20.8623,Valid
TRN-0463,11.7153,40.6516,40.7035,20.2729,8.0814,25.0000,10.1953,47.6679,15.7596,Invalid
TRN-0356,29.1240,78.6573,36.5770,47.4556,19.0017,18.2430,23.8741,45.6223,32.4715,Valid
TRN-0464,26.9782,71.2716,36.2753,47.2463,17.4268,16.9500,22.1196,59.2423,28.6182,Valid
TRN-0052,23.8697,58.5274,22.4135,38.1949,15.3019,14.3016,19.6015,73.5974,19.7674,Valid
TRN-0737,25.7107,30.5152,20.7980,16.0054,17.9853,20.3833,18.9732,50.4902,17.8267,Invalid
TRN-0549,19.3856,40.9572,26.7620,34.7739,11.8918,11.2905,15.3304,44.0042,17.3213,Valid
TRN-0431,8.7941,46.5597,28.1436,40.9888,7.2282,8.1459,8.8830,59.0783,14.7730,Valid
TRN-0565,28.6246,31.4712,26.8085,33.8995,16.1176,13.8494,21.1833,47.6235,20.1548,Valid
TRN-0660,30.2971,62.8955,39.7843,12.2270,18.4755,17.1061,23.7531,51.6632,28.9021,Valid
TRN-0834,29.9178,27.4687,35.7858,58.4409,16.4282,13.9856,21.5831,NaN,21.1305,Valid
TRN-0887,30.0954,88.0704,42.4991,11.1092,19.2774,19.2312,24.2806,35.2746,38.4158,Valid
TRN-0336,27.8382,99.9421,33.3912,50.5934,19.2433,19.3340,23.8428,53.5263,44.1841,Valid
TRN-0023,22.4988,39.3790,38.3371,24.9876,13.1943,12.3976,17.2618,37.9205,19.4098,Valid
TRN-0305,18.9752,39.1127,26.3426,46.8886,11.9802,1.0000,15.6456,31.5284,17.5207,Invalid
TRN-0536,22.9458,45.7975,30.2669,21.8424,13.6546,12.8831,17.8131,49.1447,18.9260,Valid
TRN-0261,18.2851,75.3805,29.9432,58.3380,13.6212,14.0408,16.7649,51.2372,25.3160,Valid
TRN-0271,23.8412,94.0763,38.9754,13.1617,16.5737,17.2782,20.4146,30.5790,39.3592,Valid
TRN-0827,12.4842,86.4182,28.5048,20.0729,11.1338,12.8196,13.3905,38.9610,27.8574,Valid
TRN-0148,11.8673,90.6809,39.2761,29.6365,7.3021,8.4665,12.8879,42.1360,33.6087,Invalid
TRN-0916,15.8300,22.3854,29.3857,34.8222,9.3427,8.7621,12.3496,43.3537,15.4539,Valid
TRN-0691,16.0726,89.5872,44.0183,27.2199,13.0883,14.6408,15.8388,43.9082,35.1290,Valid
TRN-0915,15.1802,54.6068,48.1810,36.2376,10.7723,11.6684,13.9383,46.0319,21.2765,Valid
TRN-0497,22.7015,51.4484,30.3053,42.1301,14.3641,13.5240,18.3201,67.2977,19.7330,Valid
TRN-0178,19.3405,100.3808,33.8958,5.6278,14.7691,16.3752,17.6476,40.5108,41.2567,Valid
TRN-0327,28.9693,67.2789,26.4722,52.5104,18.1773,16.9927,23.2303,39.4128,25.7542,Valid
TRN-0856,26.9065,91.7012,35.2636,56.7630,15.1083,23.7716,23.0638,67.0168,38.1997,Invalid
TRN-0343,26.2971,15.0966,35.2021,44.2695,13.6448,11.4401,18.4805,59.6871,18.4245,Valid
TRN-0198,28.1497,26.9731,19.1549,29.9116,15.5631,13.0973,20.4970,43.7674,18.5978,Valid
TRN-0290,12.3628,100.7801,22.3968,23.5885,11.9041,13.7706,13.9312,40.4923,23.8671,Invalid
TRN-0711,27.3457,27.5273,34.5953,58.9132,15.4514,13.3857,20.4983,58.7550,20.0657,Valid
TRN-0284,17.8121,90.2115,37.6160,39.5063,13.5040,15.1535,16.1926,46.9822,34.3530,Valid
TRN-0105,14.8368,102.3667,39.5969,23.2679,13.1569,15.4076,15.6953,41.7090,43.6185,Valid
TRN-0439,11.5518,50.4478,26.6414,37.1700,8.8784,9.5543,11.0339,50.6061,15.9175,Valid
TRN-0602,21.0839,80.5436,36.3989,38.7211,7.1164,15.4380,18.6809,61.7175,30.5097,Invalid
TRN-0269,15.8232,102.5936,42.3858,16.5509,13.2755,15.4911,15.8473,56.8715,45.2513,Valid
TRN-0184,29.5853,85.7903,34.6521,19.6015,19.3913,18.8309,24.4083,51.7121,34.5505,Valid
TRN-0288,15.7350,21.5399,39.4762,5.9551,8.9844,8.6774,11.8477,NaN,15.9873,Valid
TRN-0668,30.0372,108.2607,39.2159,13.5037,20.5937,21.0821,25.4809,54.9198,54.4579,Valid
TRN-0014,11.1932,77.4751,43.4873,15.9647,9.6759,11.9007,11.5401,72.2076,27.0328,Valid
TRN-0813,30.5251,48.7172,37.4820,41.8758,17.6080,15.9534,22.6584,26.8364,23.0728,Valid
TRN-0636,14.2258,57.1339,34.1337,56.3507,10.6019,11.1591,13.4864,44.2794,18.3368,Valid
TRN-0028,23.6940,44.5709,39.7788,43.8321,14.2709,13.5117,18.3143,52.1311,20.5491,Valid
TRN-0123,14.9187,52.9423,41.4921,16.5583,10.2995,11.0211,12.8863,38.7669,18.1844,Valid
TRN-0088,21.3183,62.0168,39.4007,45.0831,14.2689,14.0302,18.1343,40.9390,26.3719,Valid
TRN-0714,12.6513,81.3865,47.8621,12.0248,10.6411,12.7964,12.6118,35.1179,32.4503,Valid
TRN-0583,19.3493,72.3037,40.4559,57.2611,13.9050,14.4979,17.3418,64.2767,27.6727,Valid
TRN-0421,30.2288,73.7860,34.6741,38.9915,19.1610,18.1341,24.2320,66.3640,30.0385,Valid
TRN-0511,18.3138,67.2527,31.9498,12.1660,12.4674,13.1687,15.4053,43.7563,22.7241,Valid
TRN-0449,21.6960,104.8557,37.7763,13.4195,16.5054,17.7090,20.0948,50.7071,47.5433,Valid
TRN-0038,27.7592,101.5552,34.2606,17.1922,19.2427,19.2265,23.8862,59.3814,45.6980,Valid
TRN-0891,31.2092,24.7295,37.9771,7.6050,16.1873,13.7588,21.4890,46.4701,20.3503,Valid
TRN-0313,28.2726,86.4153,41.6900,52.7211,18.8426,18.6702,23.9336,60.1178,37.4216,Valid
TRN-0255,17.4922,39.6800,34.5857,26.5506,10.8434,10.4393,14.1841,51.6560,17.2442,Valid
TRN-0647,21.8520,64.5289,34.5926,11.2937,14.1639,13.9786,17.7505,39.2504,23.9903,Valid
TRN-0423,18.2339,55.7219,24.4936,48.8595,12.3715,12.2858,15.7123,45.9793,18.5143,Valid
TRN-0398,23.6081,38.4360,51.5397,28.3981,20.9822,13.0628,17.4497,57.6559,26.8098,Invalid
TRN-0289,12.2869,55.9791,39.0557,27.4659,9.2859,10.2734,11.2989,58.2312,17.4577,Valid
TRN-0579,25.8539,97.7032,34.2355,28.4083,18.1987,18.5238,22.5244,42.8963,41.4578,Valid
TRN-0275,17.8668,47.0833,25.1341,36.1930,11.1437,10.8196,14.0121,38.2814,17.1723,Valid
TRN-0885,9.8693,34.1735,47.1174,41.4493,7.4965,8.2213,9.6744,50.7342,17.5958,Valid
TRN-0201,13.0583,62.9442,42.9019,15.9798,9.9293,11.3912,12.1505,38.7070,23.7241,Valid
TRN-0171,15.6952,76.0224,22.3138,52.2570,12.0119,20.1057,14.6344,67.6222,22.1384,Invalid
TRN-0689,31.6492,35.4878,43.8532,18.7330,17.3536,15.3904,23.1375,33.0242,22.6997,Valid
TRN-0769,8.3730,78.0065,31.6603,24.9763,8.6715,10.7605,10.2026,45.9541,23.1383,Valid
TRN-0575,29.1671,81.9158,28.8445,36.8917,18.8973,18.0038,23.9664,39.8755,31.1270,Valid
TRN-0428,20.4699,69.9818,34.8688,27.8474,14.2195,14.1737,17.3693,40.4876,25.3190,Valid
TRN-0272,30.9147,51.0044,42.4644,18.3643,17.8293,16.5530,23.1521,40.4619,23.6436,Valid
TRN-0763,20.5583,61.5323,30.8158,8.7893,13.3374,13.3175,16.9269,36.3166,19.1371,Valid
TRN-0727,15.8896,19.4607,45.5969,8.0754,8.3908,8.3681,11.4267,74.0864,16.6021,Valid
TRN-0042,19.2353,48.7693,27.1839,20.7282,12.0890,11.6227,15.3121,57.8987,17.8278,Valid
TRN-0773,18.1490,40.6311,31.4089,53.4559,3.9127,10.9356,14.7335,61.6319,17.8539,Invalid
TRN-0764,30.7478,51.1431,43.5796,43.3897,17.9541,16.5559,23.4592,46.5817,23.6919,Valid
TRN-0620,24.1614,59.8066,29.9794,21.2834,15.3065,14.6956,19.4732,54.2948,20.9953,Valid
TRN-0914,14.1881,60.8325,37.1535,41.5068,11.1654,11.9085,13.8926,32.8292,19.2031,Valid
TRN-0982,12.4416,18.6756,38.7164,37.5457,7.2086,7.2314,9.6382,80.5135,14.9600,Valid
TRN-0113,31.1611,31.5237,42.6012,33.9683,17.1963,15.0119,22.7454,NaN,22.1831,Valid
TRN-0258,14.7553,71.7787,35.4516,36.6047,11.4490,12.6512,14.0301,53.4391,24.2680,Valid
TRN-0002,18.4463,56.7764,23.0633,12.8259,11.8108,11.7818,14.6466,34.3554,17.3604,Valid
TRN-0283,28.9197,27.5910,41.9035,37.8014,15.9737,14.1276,21.1828,66.5722,21.6272,Valid
TRN-0677,21.0580,68.7623,28.9605,26.7195,14.1566,14.0598,17.9396,38.7286,23.3267,Valid
TRN-0486,17.1442,103.7046,38.9918,21.6489,14.2967,16.3271,17.2076,33.0400,45.6002,Valid
TRN-0554,10.2715,99.3761,29.1666,35.7966,10.8652,13.1476,12.3766,44.9502,36.6035,Valid
TRN-0341,21.6849,99.1059,37.2354,56.2871,16.3468,17.5527,19.8958,75.1837,42.9304,Valid
TRN-0757,12.9334,15.2952,32.5392,39.5942,7.6572,7.2149,10.2342,59.5475,14.0025,Valid
TRN-0910,22.2869,17.8971,31.6443,8.5715,11.5950,10.1133,15.6096,37.8492,16.5750,Valid
TRN-0106,19.2836,88.3661,34.5776,29.6362,14.6148,15.6203,17.6864,63.2426,32.9814,Valid
TRN-0712,17.6549,68.9820,18.0000,22.2576,12.4869,12.6826,15.3412,36.2488,19.2082,Valid
TRN-0153,22.4912,79.1664,32.2276,32.3848,14.9495,15.1700,18.2547,47.7372,28.3823,Valid
TRN-0911,25.7853,107.8744,42.3302,30.3930,18.8495,19.6580,23.1410,55.7069,53.2861,Valid
TRN-0174,27.0115,19.8225,30.4787,8.7670,14.3092,12.2228,19.1565,43.2094,18.0087,Valid
TRN-0798,21.3849,49.8346,40.9968,7.0434,13.0234,12.6558,16.9012,45.4770,19.6213,Valid
TRN-0857,25.8889,64.2977,19.4549,21.4721,15.9859,15.0523,29.8671,25.7966,21.1871,Invalid
TRN-0912,15.3119,79.2943,26.7302,8.6535,11.6835,12.8236,13.7694,48.9846,24.2523,Valid
TRN-0380,15.1884,71.8888,38.7611,15.9947,11.6315,12.6786,14.3525,73.3601,25.6345,Valid
TRN-0218,8.8571,87.1286,18.0000,17.6708,9.0364,10.8602,10.0128,70.0394,23.7821,Valid
TRN-0254,13.2660,83.9721,38.0840,37.6982,2.2307,13.2155,13.7599,62.2599,29.6875,Invalid
TRN-0441,27.9046,55.7218,18.2324,29.9988,16.6567,15.1526,21.3154,66.3078,20.3549,Valid
TRN-0932,29.9543,57.0808,34.5208,8.0607,17.8131,16.3751,22.8791,57.4385,22.5047,Valid
TRN-0509,22.5729,70.2702,32.0218,35.5626,15.1305,15.0361,18.9293,63.9696,25.2925,Valid
TRN-0673,17.8631,28.0256,37.8335,24.0583,10.3804,9.9369,13.4418,45.0497,16.9981,Valid
TRN-0645,23.6417,78.9457,29.8110,36.3288,15.8612,15.8629,19.7284,46.3918,27.7197,Valid
TRN-0263,23.5221,42.8011,25.1528,20.0814,13.8833,12.4467,17.9983,60.1067,18.5921,Valid
TRN-0071,30.2423,98.8025,43.3388,15.5553,20.1578,20.1410,25.1670,47.3509,46.5089,Valid
TRN-0013,25.5181,41.4926,31.1854,32.5279,15.1001,13.5890,19.8810,38.7659,20.3992,Valid
TRN-0260,9.4712,109.8657,19.4710,23.7437,10.8498,13.3049,11.9584,71.8086,43.5279,Valid
TRN-0045,10.8096,60.4465,51.1121,18.1745,8.4859,10.3638,10.0525,49.4543,23.4447,Valid
TRN-0504,9.4822,31.9074,19.7147,20.1489,6.8070,7.0154,8.5534,57.7914,12.6076,Valid
TRN-0876,31.8671,88.8569,30.5366,41.2199,20.6748,19.8194,26.0335,56.0319,36.1658,Valid
TRN-0372,19.0343,99.0386,36.3031,15.1434,14.7003,15.9507,17.6891,28.0867,41.0583,Valid
TRN-0009,31.2031,56.1702,38.3074,25.3805,18.4606,16.8161,NaN,45.1049,23.3409,Invalid
TRN-0835,27.2126,65.3667,41.2269,58.2999,17.4580,16.7720,22.0848,54.2976,29.4849,Valid
TRN-0083,11.6948,29.2545,30.4575,44.9411,7.7985,7.8610,10.2782,33.2364,14.7517,Valid
TRN-0365,21.4091,106.9215,33.4044,41.3117,16.4731,17.6444,20.1669,52.7348,48.6475,Valid
TRN-0695,26.8977,53.7919,36.2464,6.1602,16.2587,15.1159,21.0038,NaN,21.5556,Valid
TRN-0407,17.9833,30.1194,35.4344,48.3623,10.9072,10.3113,14.3367,43.0360,17.5448,Valid
TRN-0816,18.5243,67.6262,18.4807,35.1027,13.3090,13.2316,27.0815,57.4387,19.8088,Invalid
TRN-0545,13.0916,55.2408,37.3928,30.0299,9.4873,10.4214,11.8915,40.6875,17.7183,Valid
TRN-0491,14.7563,30.7739,25.3571,45.6422,9.1825,8.7127,11.9573,61.1466,15.6403,Valid
TRN-0165,17.3457,64.9320,40.8922,31.1934,12.3965,13.0648,15.3959,33.2196,25.6903,Valid
TRN-0829,8.6911,18.8487,44.6416,43.6010,5.6547,6.3840,7.4265,34.5325,18.1979,Invalid
TRN-0965,23.7163,15.6778,47.9020,40.2774,12.5306,11.3406,16.9444,35.9469,21.4240,Valid
TRN-0930,12.9705,95.9710,30.5851,47.6831,12.1861,13.7774,14.3621,57.4774,35.4494,Valid
TRN-0949,10.0241,35.5307,34.6749,46.0995,7.1086,7.7959,8.8038,42.2024,15.0201,Valid
TRN-0446,27.5543,78.7111,47.5440,31.2291,18.1674,17.9768,23.2678,56.1777,36.2413,Valid
TRN-0333,23.6659,83.0057,25.2352,48.7404,16.4982,16.3492,20.4081,37.4559,28.5206,Valid
TRN-0056,20.2038,105.4205,45.8627,19.0142,15.9943,17.8119,19.4455,50.8786,51.0559,Valid
TRN-0221,10.0402,19.6325,30.7168,12.1244,6.0946,6.2903,8.1025,68.7331,12.8904,Valid
TRN-0627,11.9160,67.3207,42.1577,50.8565,10.1217,11.6624,12.2225,46.2937,24.8630,Valid
TRN-0649,29.9515,24.0490,37.3554,42.2616,16.1740,3.8193,21.5800,44.2830,21.0209,Invalid
TRN-0758,28.1640,17.0954,24.7318,26.3672,14.9100,12.0903,19.8602,43.4537,18.4735,Valid
TRN-0823,15.4117,91.4093,29.4443,39.8646,12.9836,14.5008,15.5090,31.7263,32.5492,Valid
TRN-0265,29.1382,24.8276,29.5091,55.8176,16.0754,13.6475,21.5425,55.5081,19.6328,Valid
TRN-0508,18.5872,24.0757,43.6181,36.0944,10.8484,9.9679,1.0000,68.1033,17.6239,Invalid
TRN-0618,18.5828,33.8330,44.6905,28.3275,8.0392,6.6552,14.4279,52.7081,18.4418,Invalid
TRN-0588,15.6295,19.4763,27.2332,41.9181,8.9486,8.2676,11.9850,70.1590,14.9620,Valid
TRN-0136,18.1556,100.6376,28.4831,53.8012,14.7216,15.9798,17.5126,49.0068,39.9339,Valid
TRN-0166,29.5716,82.2388,22.4663,23.6958,19.1150,18.1846,23.8408,44.7835,29.6963,Valid
TRN-0410,19.3576,55.5010,32.4643,47.3989,NaN,12.8351,16.3875,35.6131,19.4256,Invalid
TRN-0503,12.7420,61.7987,39.8282,57.1120,9.9839,11.3075,12.0489,69.2968,18.5584,Valid
TRN-0587,31.1799,52.9067,38.1000,36.6261,18.0144,16.4650,23.3782,48.7188,23.4365,Valid
TRN-0975,21.1463,103.6017,31.7853,34.3651,16.2591,17.3119,19.9779,72.0292,44.8108,Valid
TRN-0143,31.0604,20.7146,49.4232,47.9427,13.4898,20.8227,22.3117,38.4370,25.9811,Invalid
TRN-0226,16.1650,84.7277,19.8908,13.1586,12.7716,13.5427,15.1689,45.6281,25.3231,Valid
TRN-0322,19.8459,44.1289,43.3522,13.0739,11.9391,11.8223,15.5497,85.2779,18.7618,Valid
TRN-0717,28.2051,24.1533,26.3389,43.9544,15.3975,13.0615,20.2903,40.4418,19.0680,Valid
TRN-0921,12.3228,83.6693,38.3193,59.0536,11.4682,12.9508,13.5388,25.1946,29.9729,Valid
TRN-0659,21.4314,77.2592,34.8314,8.8744,14.3967,14.8306,17.5491,35.5696,27.4947,Valid
TRN-0276,30.1002,30.3395,35.0458,22.7598,16.1821,13.8584,21.6219,65.4609,20.5299,Valid
TRN-0573,12.7130,94.2479,33.3957,5.1753,11.3106,13.3547,13.2436,56.7970,33.8011,Valid
TRN-0877,21.4959,97.0943,19.1262,42.5876,16.2871,16.5927,20.0402,45.6363,35.4263,Valid
TRN-0468,11.3447,90.8143,31.9713,16.6910,10.7875,12.9436,6.0400,44.1170,31.1116,Invalid
TRN-0181,18.6267,109.8992,25.7139,51.4145,15.5329,16.8204,6.8780,45.3994,48.7663,Invalid
TRN-0353,19.5255,108.7690,34.6151,11.8696,15.5531,16.9552,18.7414,46.8337,49.4057,Valid
TRN-0147,8.8610,75.9485,36.5575,14.8645,8.6741,10.6902,10.3391,58.0673,23.8090,Valid
TRN-0144,21.5592,95.6797,38.3352,5.2788,16.0257,17.0131,19.5681,40.2086,40.0378,Valid
TRN-0019,8.2185,21.3276,46.7842,33.5716,6.2229,6.6093,8.3971,71.8081,15.9881,Valid
TRN-0626,8.6911,18.8487,44.6416,43.6010,5.6547,6.3840,7.4265,34.5325,14.4551,Invalid
TRN-0476,13.8624,81.0334,36.4075,9.6282,11.1898,12.5515,13.5137,34.8156,27.4893,Valid
TRN-0796,29.2093,62.3251,41.0718,47.5542,18.2781,17.4134,23.4021,46.8724,29.0277,Valid
TRN-0870,10.7956,108.3219,24.6777,48.0430,11.5524,13.9552,13.1178,55.7297,44.2781,Valid
TRN-0854,8.6289,26.2498,23.3529,56.0306,6.2386,6.4568,8.0669,52.8494,13.2914,Valid
TRN-0134,22.2438,41.4757,24.1234,53.4966,13.6413,12.3822,17.6506,70.0693,18.4064,Valid
TRN-0527,14.7369,57.4826,37.9908,20.1469,10.8502,11.6163,13.5462,51.1441,18.5575,Valid
TRN-0770,15.7032,98.3867,38.3044,32.4798,13.1948,15.1165,15.3287,46.7966,40.2031,Valid
TRN-0251,30.3515,109.3207,33.6619,8.9928,20.9797,21.2055,25.9842,48.8242,53.6774,Valid
TRN-0132,9.7487,72.7897,36.5709,25.4378,9.0643,10.8287,10.8578,77.4383,23.3231,Valid
TRN-0215,23.5742,80.0256,28.2073,5.4162,15.6847,15.9431,19.5115,52.9688,27.4716,Invalid
TRN-0780,12.6266,68.5622,35.0442,17.9569,9.9021,11.2444,12.2991,43.9458,22.3588,Valid
TRN-0425,14.8763,108.8282,36.4889,20.9661,13.3401,15.6721,15.4704,25.5252,48.8125,Valid
TRN-0273,14.7494,46.7725,41.9781,18.1946,9.8595,10.6273,12.2165,33.6728,17.7087,Valid
TRN-0970,21.6393,46.0109,37.6075,53.7777,13.5387,12.9017,17.5589,27.2276,20.1454,Valid
TRN-0318,25.1775,66.3148,37.9414,36.4763,16.4199,15.8983,20.8264,62.0508,27.6115,Valid
TRN-0767,27.0091,89.3887,31.1747,24.0991,18.2747,18.1538,23.0462,65.1731,35.2858,Valid
TRN-0437,25.3163,24.3030,33.4231,57.0072,14.2800,12.2727,18.7394,78.7804,19.2354,Valid
TRN-0502,31.4814,15.7485,22.3130,54.7520,16.6856,13.4554,22.2083,63.0366,19.7031,Valid
TRN-0413,23.8614,99.6453,27.3515,52.7860,17.4220,17.7966,21.1059,58.3409,40.8523,Valid
TRN-0735,26.0860,76.1449,37.1549,29.5568,16.9605,16.7213,21.3601,54.0255,29.7533,Valid
TRN-0249,15.2693,100.3040,34.0973,32.5533,12.9218,14.8670,15.5072,30.5176,40.5863,Valid
TRN-0941,26.4406,81.4135,28.2367,48.9851,17.6256,17.3812,22.0976,32.9076,29.6180,Valid
TRN-0644,22.3928,21.7817,18.0000,17.6499,12.3418,10.3495,16.2930,43.2368,15.8306,Valid
TRN-0004,15.8587,26.0792,30.9450,29.2205,9.2522,8.8999,12.1474,35.7616,15.4348,Valid
TRN-0102,15.3713,82.2769,40.7093,24.3331,12.0642,13.5868,14.6883,31.9827,29.6686,Valid
TRN-0310,17.7259,93.4655,30.4254,9.3407,13.8355,15.1421,16.6845,43.4387,34.3390,Valid
TRN-0653,11.3197,81.8708,23.3696,20.6582,9.9817,11.3997,11.2124,36.3911,23.0010,Valid
TRN-0115,28.8054,58.7016,35.5128,57.6561,17.5856,16.3149,22.4877,65.3874,23.0506,Valid
TRN-0772,29.2843,55.6198,36.0893,55.5212,17.8595,16.5567,22.9917,15.8876,23.1953,Valid
TRN-0831,18.7826,102.8008,35.3483,23.8590,14.4210,15.9943,16.9964,53.0225,43.4195,Valid
TRN-0705,8.2692,25.6949,31.0763,11.3228,5.3401,6.1135,6.6989,39.6231,12.5064,Valid
TRN-0991,31.3945,56.8214,40.6793,37.5360,18.3479,16.9601,23.7599,53.2477,24.1357,Valid
TRN-0862,16.9245,33.0504,36.7006,42.7713,10.4439,10.0715,13.4578,57.3797,17.5038,Valid
TRN-0229,14.9486,51.2987,47.6404,16.0620,10.0847,11.0032,13.0154,40.7510,20.6136,Valid
TRN-0696,19.9703,69.0999,46.7115,35.8717,14.0227,14.7328,17.7988,55.6225,30.0941,Valid
TRN-0371,8.4715,19.0963,37.7212,24.6285,5.5421,6.0630,7.3369,59.8830,13.5288,Valid
TRN-0819,17.2999,23.0813,37.9990,20.6860,10.0065,9.4349,13.3861,60.0238,16.4621,Valid
TRN-0107,16.1498,53.7524,24.6296,36.9404,11.0133,10.8826,13.8872,35.3240,16.8455,Valid
TRN-0017,15.8688,16.7878,29.9819,37.0965,8.8732,8.0324,11.9012,45.7346,15.0326,Valid
TRN-0196,28.5086,20.9697,30.8619,45.7868,15.5239,12.9922,20.4713,56.8221,19.7101,Valid
TRN-0548,11.0253,69.5239,28.2345,57.4589,9.5924,11.0881,11.7175,55.0090,21.1399,Valid
TRN-0525,9.5113,33.9672,37.9995,40.4710,6.9494,7.6298,8.9024,47.3362,15.1242,Valid
TRN-0687,29.9997,106.7406,47.4892,50.5266,20.7767,21.1299,26.0691,55.6824,57.2566,Valid
TRN-0637,28.1778,101.9614,46.7242,5.1181,19.2773,19.9162,23.9894,55.4093,50.6260,Valid
TRN-0790,11.0441,36.6588,49.2146,45.1862,7.7952,8.7153,10.2325,51.3039,20.4399,Valid
TRN-0337,24.7539,95.1678,30.4097,7.7587,17.2067,17.6076,21.1211,62.9772,37.6123,Valid
TRN-0776,20.4738,40.3826,41.5696,36.8640,12.6427,12.2225,16.7908,53.4398,19.2865,Valid
TRN-0882,16.6046,62.6201,20.6738,56.6195,12.4968,12.4027,15.5819,36.5569,19.8233,Valid
TRN-0235,14.5684,107.6301,39.9672,6.4811,13.4309,15.8185,15.7473,46.4148,49.1812,Valid
TRN-0112,8.0142,60.8575,28.5069,33.4378,7.7383,9.1334,9.0903,64.7652,15.6204,Valid
TRN-0296,14.8834,47.7957,30.2891,13.1237,9.9603,10.1437,12.5896,65.0770,16.4399,Valid
TRN-0809,27.2252,27.5630,26.0366,22.9568,15.0208,12.9747,19.8833,80.3398,18.8413,Valid
TRN-0853,19.4248,90.8578,42.6535,7.9696,14.7149,16.0781,17.7581,53.2609,36.7530,Valid
TRN-0529,31.0312,81.3554,30.7886,32.5102,19.8275,25.5950,25.1740,47.8984,31.6224,Invalid
TRN-0874,21.7457,52.8500,38.0608,53.9387,14.0088,13.5919,1.0000,63.0673,20.8285,Invalid
TRN-0293,23.6339,86.7762,33.2134,26.0206,16.5715,16.8931,20.2296,47.5054,33.6492,Valid
TRN-0386,24.1553,87.6288,31.6699,9.5358,16.7324,16.8579,20.8384,37.0967,33.0113,Valid
TRN-0001,28.6557,37.7881,19.8451,49.0661,16.5184,14.4007,21.5919,60.3044,20.1476,Valid
TRN-0483,28.1686,30.8848,47.1226,31.0161,15.6773,13.9580,20.8884,49.9856,22.8391,Valid
TRN-0127,31.9221,26.6474,39.9100,58.3026,17.1866,14.5966,22.8735,43.6359,22.4999,Valid
TRN-0207,16.4512,87.7723,18.0000,18.5651,13.0139,13.8086,15.8387,34.7912,26.7392,Valid
TRN-0471,27.1316,40.1931,50.0495,59.2364,15.9906,14.7284,21.0562,65.6850,26.8539,Valid
TRN-0059,30.7887,106.5889,44.7605,54.8665,21.3848,21.5880,35.7555,55.6860,55.6198,Invalid
TRN-0063,27.5392,38.1989,35.1752,12.4804,15.2211,13.5320,20.2284,69.7442,19.9811,Valid
TRN-0698,13.6327,45.7725,28.7424,15.8314,9.2535,9.6527,11.5320,46.4299,16.0087,Valid
TRN-0960,24.9995,20.1043,45.4578,57.4620,14.2425,12.5571,19.3371,44.5012,20.9081,Valid
TRN-0899,14.9915,18.5185,35.0207,17.3930,8.2577,7.9147,10.9201,35.7485,14.8891,Valid
TRN-0100,21.3697,98.1157,35.5882,6.5734,15.6299,16.7153,19.2324,NaN,40.8155,Valid
TRN-0292,17.4334,47.8325,29.7571,5.9921,17.1563,11.1729,14.0808,78.7172,16.7479,Invalid
TRN-0789,8.1590,75.9748,31.6705,28.6888,8.5246,10.3218,9.8852,59.4848,22.5855,Valid
TRN-0883,20.0684,50.7510,37.9395,44.2971,20.5106,12.7888,16.5123,50.9035,19.4832,Invalid
TRN-0987,8.9208,80.0837,21.4928,31.7022,9.0013,10.7514,10.3396,80.3354,21.0958,Valid
TRN-0845,20.8759,61.2433,21.7204,5.9060,13.3250,12.9631,16.6578,58.0203,18.2318,Valid
TRN-0519,12.9126,55.1864,41.4512,58.3725,10.0860,11.2424,12.5973,57.7370,18.5291,Valid
TRN-0170,22.0985,55.2047,44.9647,31.4216,13.6698,13.7222,17.7092,52.3794,21.3338,Valid
TRN-0803,14.8867,75.4868,18.0000,7.5017,11.0816,11.7859,13.2672,44.8390,19.2982,Valid
TRN-0414,14.0512,70.4544,45.0520,55.2408,11.3593,12.7422,13.8951,60.6659,27.6443,Valid
TRN-0347,31.3892,61.6279,30.7340,59.4728,19.2190,17.6853,24.8014,77.0681,23.7916,Valid
TRN-0022,10.9840,63.6764,34.8429,45.5198,9.0669,10.3063,11.1205,29.8580,21.5988,Valid
TRN-0534,9.9767,102.2508,27.3341,52.6467,10.9906,13.3539,12.5827,12.1712,38.8217,Valid
TRN-0690,19.3418,107.1489,26.4700,17.3647,15.2982,16.7083,NaN,58.3653,45.6354,Invalid
TRN-0021,25.4376,105.8126,24.0100,17.6411,17.9464,18.4169,21.6122,51.5824,45.8638,Valid
TRN-0280,27.7531,100.6147,29.6118,29.7973,19.0287,19.2137,23.3513,64.0870,43.5179,Valid
TRN-0366,24.3028,79.2742,39.3552,10.3422,16.3572,16.5962,20.5079,46.8445,30.8484,Valid
TRN-0775,29.5407,41.2186,43.8119,6.1275,16.6176,15.0835,21.8808,48.6293,22.3240,Valid
TRN-0274,30.8093,80.8853,32.2866,32.2677,19.4915,18.5482,24.6741,53.8304,31.9280,Valid
TRN-0404,23.7474,48.4547,23.1116,46.5521,14.4691,13.4609,18.3451,48.0412,19.5522,Valid
TRN-0139,20.8691,25.8051,33.1449,7.2908,11.1923,10.2307,14.7645,59.8275,16.6329,Valid
TRN-0325,26.5393,44.1499,20.0222,45.7095,15.6498,13.8113,20.1295,60.5420,19.3421,Valid
TRN-0155,25.4113,48.2705,35.1281,17.6202,15.2911,14.2782,19.8332,46.3663,20.6212,Valid
TRN-0756,18.5486,32.1192,32.1721,47.2999,11.1649,10.5368,14.5730,52.4955,17.5281,Valid
TRN-0679,30.3557,91.8033,35.0595,45.8747,19.8650,19.5118,24.6688,53.0942,39.1206,Valid
TRN-0837,22.8665,30.6578,36.9534,24.3963,15.1315,16.2079,16.7916,45.8619,18.3588,Invalid
TRN-0160,30.0586,32.3412,37.7249,9.3042,16.3571,14.3251,21.5508,54.6120,21.2713,Valid
TRN-0058,31.3506,109.6014,35.8066,50.6344,21.7000,21.5969,27.0793,57.1371,55.8411,Valid
TRN-0357,13.0874,48.0294,42.0912,28.1127,9.6031,10.4584,12.4690,52.8484,17.6333,Invalid
TRN-0964,17.1665,43.9713,47.3783,13.5215,10.8962,11.3229,14.2006,NaN,19.9834,Valid
TRN-0594,31.7607,60.7084,33.7976,47.1394,19.2807,17.6694,24.8962,49.0986,24.0277,Valid
TRN-0520,20.2427,35.2642,36.7994,8.5725,11.3985,11.1055,14.7262,66.0157,17.8961,Valid
TRN-0495,22.6527,78.1419,34.0494,41.5444,15.8485,16.0008,20.0946,47.2861,28.8206,Valid
TRN-0328,8.9350,70.4062,39.5264,32.1590,8.5375,10.6639,10.0310,45.4490,23.2713,Valid
TRN-0152,30.2360,74.7250,22.1657,13.3417,19.1212,17.8014,23.9530,34.7370,26.2554,Valid
TRN-0962,19.9277,91.0498,37.7678,56.4853,15.2122,16.2150,18.7176,44.0866,36.8685,Valid
TRN-0990,26.8625,67.5097,36.0548,44.8960,17.1685,16.3352,21.8110,34.2837,28.0254,Valid
TRN-0740,28.0295,103.8628,36.1283,6.1492,19.0844,19.4400,23.6415,48.6006,48.3109,Valid
TRN-0812,8.5155,86.0259,29.6979,10.0395,8.8374,11.0558,10.0591,57.7836,26.1854,Valid
TRN-0079,21.2508,94.7546,38.0479,17.6921,15.5653,16.2966,18.7659,23.5672,38.6996,Valid
TRN-0008,16.3568,100.6456,27.8161,43.0531,13.7975,15.3252,16.3612,64.6641,40.0500,Valid
TRN-0865,9.9448,45.6114,22.4851,47.8265,7.7130,8.1738,9.3757,51.8502,14.7227,Valid
TRN-0909,10.9793,47.4117,37.1060,33.0558,8.1981,9.3620,10.0748,55.9068,16.3132,Valid
TRN-0693,16.6508,72.2498,37.1180,36.5301,12.4433,13.3031,15.5018,77.6366,25.5390,Valid
TRN-0427,21.5946,80.6941,19.9261,48.8104,15.2720,15.2728,18.9574,48.5895,25.4469,Valid
TRN-0595,8.7473,59.1484,29.0356,9.7640,7.6460,9.0648,9.2381,55.1136,15.0574,Valid
TRN-0086,8.2990,38.1623,29.2119,41.8582,6.5322,7.5852,7.9413,57.9677,14.3793,Valid
TRN-0338,23.8341,19.4216,36.1564,8.3279,12.4987,11.0045,16.7929,39.7972,17.5560,Valid
TRN-0745,16.5307,105.1387,45.2880,58.5650,14.3957,16.4442,17.1558,35.4316,18.6752,Invalid
TRN-0256,17.6450,28.3906,40.9344,39.9620,10.5166,10.0301,14.1336,18.6089,17.3983,Valid
TRN-0412,30.6871,101.6972,34.5462,27.1574,20.6696,20.5741,25.6762,43.8239,46.3496,Valid
TRN-0073,25.9467,99.2373,38.3006,24.3131,18.2167,18.7730,22.4057,42.8541,44.0862,Valid
TRN-0836,11.3923,89.2344,39.1595,59.9745,10.9529,13.1016,13.2032,58.1531,32.8614,Valid
TRN-0907,9.4330,32.4186,50.2549,16.8465,11.9059,7.6211,8.2026,50.3169,20.0939,Invalid
TRN-0010,28.6079,69.1926,27.2581,40.2768,17.9159,16.5888,22.8275,53.0851,25.8781,Valid
TRN-0569,27.6118,92.0571,36.6811,42.2679,18.5669,18.6258,22.8757,40.0431,38.7324,Valid
TRN-0528,8.5617,24.5077,44.9333,6.3482,5.6690,6.6036,7.5000,61.0969,14.2798,Valid
TRN-0983,29.4688,17.7436,33.5759,43.7144,15.3535,13.0609,20.5369,47.1622,20.0059,Valid
TRN-0760,31.1008,93.8091,38.0847,57.8627,20.7600,20.5065,25.8765,55.4406,42.5878,Valid
TRN-0547,8.4849,99.8539,44.2752,43.2362,9.9363,12.8190,11.4051,50.5350,40.8455,Valid
TRN-0376,17.5322,81.2201,46.1176,40.8133,13.0548,14.5056,15.8591,79.6941,32.7707,Valid
TRN-0600,14.0661,84.1703,25.8325,46.2828,11.8873,13.3135,14.1282,36.0800,26.6367,Valid
TRN-0029,21.3349,46.1014,34.2588,5.2606,12.5252,12.1878,16.1059,63.5447,18.5534,Valid
TRN-0039,15.0679,82.3924,27.7559,53.5868,10.1403,19.8333,15.3618,57.5077,27.3712,Invalid
TRN-0033,20.2632,93.7754,33.5299,33.6812,15.3049,16.2077,18.5165,72.5603,37.2946,Valid
TRN-0833,9.3932,15.4321,32.6449,7.6237,5.4199,5.5241,7.3907,47.3802,12.4673,Valid
TRN-0390,19.3037,86.3268,39.0552,48.9097,14.7924,15.7134,17.9805,22.1999,33.9185,Valid
TRN-0044,29.2600,109.6202,29.7864,22.7548,20.2331,20.4709,24.7869,35.2815,52.5159,Valid
TRN-0452,19.0424,94.3785,41.6341,21.8384,14.7669,16.1890,17.6107,47.4642,39.0340,Valid
TRN-0228,10.1831,25.6679,37.4147,15.7114,6.1981,6.7544,8.0825,60.7987,13.6425,Valid
TRN-0432,10.4138,55.6913,32.6882,40.1390,10.7131,2.6670,10.4162,58.3703,15.8323,Invalid
TRN-0898,26.7175,47.5673,35.3142,45.1466,16.3394,14.9931,21.1996,33.4623,21.6868,Valid
TRN-0204,24.7316,43.7365,37.4064,31.1994,14.6743,13.4906,19.0906,60.7113,20.4819,Valid
TRN-0121,19.0180,17.8260,43.7420,43.2296,1.7456,10.1924,14.6032,35.4098,18.3173,Invalid
TRN-0902,28.3028,73.1395,45.6515,57.1996,18.1078,17.6794,23.3092,41.0806,32.6957,Valid
TRN-0183,30.8671,51.7420,18.0000,17.4126,18.0490,15.8019,23.2820,26.7290,21.0361,Valid
TRN-0634,13.8956,58.4780,45.3235,55.4579,10.3178,11.3468,12.8722,68.3149,19.5508,Valid
TRN-0378,21.3745,17.0531,38.5025,54.4600,11.9475,10.3384,16.2741,42.3971,17.8967,Valid
TRN-0814,30.3615,58.1783,33.7793,29.3668,18.1696,16.7122,23.3428,41.7268,23.0081,Valid
TRN-0396,30.3569,41.0262,28.9521,19.2467,16.9297,14.9258,22.1304,37.0340,20.9096,Valid
TRN-0663,31.9783,109.3958,31.4348,44.0483,21.8455,21.4674,27.2844,44.6375,54.3652,Valid
TRN-0193,8.8136,104.1247,23.7841,53.9583,10.6197,13.0278,11.8825,66.9895,39.5565,Valid
TRN-0163,26.8467,50.4581,37.9266,8.6355,15.6853,14.5305,20.1717,54.5794,20.7763,Valid
TRN-0951,16.8647,40.1412,23.5961,19.1775,10.2588,9.7996,13.1537,53.8028,15.8285,Valid
TRN-0453,31.6677,82.2572,33.8737,25.2574,20.0473,19.1506,25.5127,65.8802,33.1281,Valid
TRN-0247,30.1390,68.3414,19.0017,23.2784,18.2733,16.7430,23.1979,36.1587,22.9371,Valid
TRN-0892,20.9863,19.4037,37.8768,46.2980,11.6783,10.6496,15.2556,31.9236,17.6804,Valid
TRN-0841,29.8949,91.0083,27.9446,15.6917,19.3979,18.9882,24.2031,42.8908,35.6834,Valid
TRN-0233,15.3672,38.6916,36.4520,59.6472,6.9692,3.8644,12.7546,41.3043,17.8643,Invalid
TRN-0896,16.8148,26.4401,32.9144,53.3421,10.6575,9.7959,13.9850,46.5964,16.8823,Valid
TRN-0572,9.7781,45.8148,36.6675,50.8468,7.8509,8.7594,9.9697,30.3101,16.5207,Valid
TRN-0377,25.8767,71.6325,26.5204,14.8354,16.5446,15.9533,20.6098,49.2504,24.5441,Valid
TRN-0402,20.3494,47.6153,20.0764,38.3104,14.6877,18.0815,16.1271,60.5635,17.3125,Invalid
TRN-0692,21.0089,88.0631,36.4225,28.2623,24.9495,16.0915,18.8807,56.9598,33.5906,Invalid
TRN-0524,26.7830,33.5773,29.6182,6.2275,14.7745,13.1842,19.3179,34.1612,18.9352,Valid
TRN-0686,17.2166,40.7619,36.5746,56.3485,10.9047,10.5972,13.8475,47.2079,17.7028,Valid
TRN-0479,19.1530,39.1288,27.4245,59.0660,14.4508,18.5147,15.8739,49.9218,18.1799,Invalid
TRN-0731,13.9035,89.1543,36.5661,28.2880,11.6396,13.7202,13.5417,53.8270,31.8838,Valid
TRN-0099,20.2736,98.1302,26.7456,46.5455,15.4839,16.3896,19.0144,42.5996,38.4013,Valid
TRN-0817,10.3326,92.2829,31.1727,49.2921,10.5226,12.7387,12.1273,45.9361,32.0033,Valid
TRN-0277,27.8840,80.7621,35.9598,51.4908,18.1225,17.7811,22.8208,31.7943,32.0756,Valid
TRN-0493,20.1257,27.8475,37.8216,40.1598,11.5988,10.7917,15.3087,48.7406,18.2107,Valid
TRN-0726,20.0636,36.2696,21.0752,16.9709,11.9000,10.6640,15.1836,52.3788,16.4284,Valid
TRN-0330,26.0310,19.3516,38.3725,38.5153,13.8593,12.1453,18.3326,50.1899,19.5005,Valid
TRN-0117,23.1148,32.8453,34.0878,15.1929,13.1449,11.8919,17.2516,51.8169,18.1669,Valid
TRN-0840,8.9498,57.5485,34.0731,6.2441,7.4276,8.9841,9.0359,49.7340,15.7433,Valid
TRN-0640,11.8036,103.8967,40.1589,32.5814,14.9657,18.8878,13.5683,61.1620,44.2449,Invalid
TRN-0576,9.2718,33.9917,26.1932,21.3669,6.3612,6.8259,8.2625,60.8207,12.9188,Valid
TRN-0815,19.7839,44.4744,35.2429,41.0408,12.3160,11.8512,16.0196,42.8264,18.7609,Valid
TRN-0048,14.4827,83.3240,29.2952,44.2200,12.0149,13.4732,14.4046,38.8660,27.2094,Valid
TRN-0783,21.1949,108.7053,26.2056,47.5161,16.6330,17.8845,20.0756,NaN,48.7174,Valid
TRN-0632,31.9735,69.2267,37.9105,34.6800,19.3360,18.1544,24.6004,45.4908,29.4680,Valid
TRN-0766,23.4755,92.6999,25.5168,7.1791,16.4879,16.7331,19.9848,48.9082,34.1003,Valid
TRN-0241,17.2696,76.3134,34.1474,6.8534,12.6280,13.5151,15.3496,45.6354,25.6781,Valid
TRN-0810,23.8527,97.2547,35.4709,33.6235,17.4008,17.9167,21.4636,64.1445,41.3538,Valid
TRN-0301,31.3955,107.7199,28.1927,21.7747,19.3311,28.0601,26.6706,41.9273,51.0155,Invalid
TRN-0984,28.7539,86.5251,31.7090,38.5884,19.0654,18.6212,23.9913,43.3456,34.1487,Valid
TRN-0054,30.4531,88.0644,32.0545,34.9604,19.8072,19.2231,24.8046,80.5923,35.5919,Valid
TRN-0866,10.0427,38.7344,30.3281,48.4402,0.0000,7.9897,9.2590,30.3878,14.4958,Invalid
TRN-0180,16.0409,26.3495,35.8273,56.5978,9.5647,9.0462,12.8008,33.9355,16.4986,Valid
TRN-0832,26.5757,84.5292,46.3478,32.8302,17.8573,17.9630,22.2743,74.1483,37.7818,Valid
TRN-0979,9.6624,74.2431,42.9247,42.6739,9.1369,11.4155,10.8367,67.7177,25.6710,Valid
TRN-0070,27.0056,63.4253,35.9462,35.4084,16.9847,16.1667,21.5720,53.3195,27.8043,Valid
TRN-0169,15.1614,82.0274,25.1007,7.2104,11.8337,13.0679,14.1548,62.8403,24.6253,Valid
TRN-0599,19.5873,19.6865,35.3793,12.1957,10.6163,9.7921,14.0789,51.5171,16.4383,Valid
TRN-0998,21.6903,73.4161,34.7918,25.7828,14.9436,15.1886,18.7858,31.6359,26.9214,Valid
TRN-0016,19.1531,67.5403,44.1923,16.6557,12.8284,13.5424,15.9988,42.3271,27.0879,Valid
TRN-0314,17.1067,61.6249,24.8072,10.2851,11.5329,11.9072,14.2190,51.8342,17.3090,Valid
TRN-0628,17.3905,47.9269,26.7059,58.6967,11.6212,11.3781,15.0085,44.1000,17.7440,Valid
TRN-0586,9.8497,48.8292,49.9941,41.9037,8.1285,9.5477,10.1542,69.9002,21.5495,Valid
TRN-0145,29.3082,105.8771,43.4125,9.8873,19.8704,20.2378,24.6602,46.3785,52.9031,Valid
TRN-0370,27.8564,48.3216,33.5844,18.1832,16.3613,14.9818,20.9924,31.3304,21.3731,Valid
TRN-0122,31.8857,49.6381,38.1437,28.7934,18.1299,16.4775,23.5738,47.1112,23.0595,Valid
TRN-0374,23.1221,109.7203,46.3794,39.7795,17.8087,19.0765,21.4412,50.6761,57.1092,Valid
TRN-0878,13.9113,105.5919,33.6955,36.2678,10.5031,20.7532,15.6068,41.2921,45.3496,Invalid
TRN-0847,10.5879,24.4649,37.1274,49.8712,6.8628,7.1306,8.9615,28.1238,14.8242,Valid
TRN-0540,31.2972,94.3311,29.0551,52.1742,20.9992,20.3502,26.3378,36.4869,39.5278,Valid
TRN-0808,9.5961,62.7447,45.4544,7.0814,NaN,10.0403,9.9205,53.4667,23.8244,Invalid
TRN-0886,9.5103,41.0171,26.1524,39.0628,7.2008,7.5552,8.7786,40.1126,14.0527,Valid
TRN-0510,27.9197,27.1864,27.2906,49.5003,15.2500,13.1347,20.1400,44.8598,19.6898,Valid
TRN-0418,11.9313,52.7544,42.8991,27.5887,8.9263,9.9342,11.1392,55.1761,17.4674,Valid
TRN-0850,13.3815,37.7292,31.7560,45.3660,9.0567,9.3006,11.7747,78.4565,16.0290,Valid
TRN-0532,26.8790,60.1489,22.0906,13.6770,16.0546,14.7739,20.3730,64.6380,20.0690,Valid
TRN-0361,27.8914,24.7733,29.7760,10.3938,14.7921,12.5916,19.7028,52.3130,18.6118,Valid
TRN-0161,16.1451,82.5904,26.8570,31.5841,12.7468,13.7874,15.1800,73.8668,26.1738,Valid
TRN-0110,24.5955,66.6176,38.2375,53.1687,16.1615,15.8666,20.7128,41.1122,27.8569,Valid
TRN-0175,12.5344,101.6442,32.2129,53.5995,12.1063,14.2966,14.2216,NaN,40.8855,Valid
TRN-0616,20.4904,26.5967,26.2294,14.7813,11.3379,9.9378,14.7259,55.1477,16.6078,Valid
TRN-0119,15.6102,75.7030,26.1544,13.7047,11.7033,12.5963,13.9901,50.7214,22.7052,Valid
TRN-0635,28.8943,84.9080,34.2153,18.1794,18.6340,18.1477,23.4368,56.8268,33.4142,Valid
TRN-0278,15.1906,103.8022,32.8666,43.5159,13.4340,15.3229,15.8010,70.5730,43.6644,Valid
TRN-0225,27.9293,38.0633,39.1615,20.9747,18.3877,21.4138,20.7639,64.6651,21.3160,Invalid
TRN-0959,29.2834,96.4813,26.6221,29.2271,19.7453,19.3891,24.7160,44.6016,39.9414,Valid
TRN-0349,26.5322,71.4206,39.4889,58.2879,23.7994,17.0447,22.0266,49.1332,29.6685,Invalid
TRN-0159,11.4085,75.1307,29.9009,40.9165,9.9183,11.5610,11.6384,20.9754,22.5737,Valid
TRN-0032,9.6771,40.9333,42.7255,56.3017,7.5451,8.5237,9.7694,29.2837,16.8355,Valid
TRN-0344,9.1303,20.5699,37.6841,25.2845,5.7455,6.2235,7.4901,51.5441,13.3281,Valid
TRN-0391,14.6069,39.0401,34.8904,19.4680,9.4995,9.5566,11.9096,63.8012,16.4488,Valid
TRN-0651,16.5300,103.9792,43.4328,46.9103,14.2198,16.2414,17.0286,37.4711,46.9167,Valid
TRN-0538,31.3956,65.9954,44.7277,20.6592,18.6968,17.6704,24.1282,24.3526,31.1325,Valid
TRN-0264,8.8333,97.1920,40.8705,59.4113,10.1410,12.7958,11.5139,62.4186,38.2856,Valid
TRN-0804,25.5109,94.6061,39.9882,26.6325,17.7896,18.3520,22.0215,48.7888,41.1550,Valid
TRN-0875,11.8252,52.2650,18.0000,26.9784,8.6729,9.2711,10.5035,55.0555,14.5475,Valid
TRN-0179,13.3176,109.6532,40.8517,50.3689,12.9940,15.6239,15.2389,55.4972,51.3991,Valid
TRN-0664,27.1883,36.0978,23.5129,49.3863,15.2966,13.4176,19.7864,44.9089,19.4155,Valid
TRN-0848,23.3547,85.3049,34.0201,57.2993,16.2814,16.6584,20.1503,56.7314,32.1656,Valid
TRN-0319,20.7606,77.2405,28.7917,13.6383,14.1857,14.6874,17.3806,53.6133,25.6472,Valid
TRN-0897,11.6323,73.8240,34.9155,48.3119,10.4622,11.8497,12.5183,54.2381,24.3359,Valid
TRN-0617,15.1971,52.9502,39.5260,51.7112,11.2222,11.7197,14.2430,74.3364,19.2716,Valid
TRN-0066,25.2849,50.1209,35.0471,10.2590,14.9101,14.0740,19.4972,36.2356,20.1216,Valid
TRN-0329,15.2564,63.7462,31.7923,10.5219,10.7028,11.4641,13.1068,58.1291,21.3423,Valid
TRN-0512,13.4272,55.4707,35.9373,17.5331,9.7561,10.4939,12.1206,55.9888,20.0655,Invalid
TRN-0559,26.2772,84.5838,38.3580,28.6853,17.5264,17.5087,21.6766,74.9606,34.3654,Valid
TRN-0843,23.3537,79.7753,25.0997,53.6610,16.2534,16.1519,19.9649,35.1917,27.2341,Valid
TRN-0080,29.3998,97.6878,34.4117,41.8960,19.8876,19.9085,24.8220,54.2529,43.3474,Valid
TRN-0401,26.4510,76.4110,34.2960,47.7037,17.6660,17.2090,13.7836,54.1006,30.3139,Invalid
TRN-0384,16.7072,31.9859,25.4080,37.7306,10.1169,9.5467,13.0626,50.9706,15.7683,Valid
TRN-0047,29.1083,58.7199,37.1572,10.9987,17.5282,16.4304,22.4226,49.4021,23.1457,Valid
TRN-0938,26.2329,96.5506,33.0648,48.8320,18.6651,18.7209,22.8946,34.7290,41.4065,Valid
TRN-0724,16.1649,103.2809,29.1169,27.8213,14.3390,15.9315,17.0601,64.6338,42.3237,Valid
TRN-0089,31.4140,88.8354,24.8395,59.5524,28.5205,19.4702,25.3351,33.2402,34.7070,Invalid
TRN-0114,24.4427,39.5791,50.9417,13.3518,14.1910,13.5804,18.7265,56.7296,26.4238,Valid
TRN-0748,25.3016,95.0191,43.6434,59.1909,18.1013,18.3361,22.5789,47.7604,42.7271,Valid
TRN-0459,13.0534,103.6735,32.3023,13.9118,12.2147,14.3912,14.2445,41.7232,41.8715,Valid
TRN-0223,28.7214,66.8864,52.6266,35.0011,18.1509,17.5824,23.3627,63.4231,40.5369,Valid
TRN-0851,19.5142,22.8595,42.4082,21.1030,11.1408,10.0973,14.9382,77.6634,17.5099,Valid
TRN-0582,26.0201,21.9729,49.4476,50.2003,14.1856,12.9194,19.0732,59.4491,24.3289,Valid
TRN-0007,29.2042,18.0618,43.0245,8.0414,15.1344,12.9107,20.4836,61.0351,20.2753,Valid
TRN-0947,31.0368,95.4489,32.3525,9.5897,20.0135,19.7332,24.8781,55.2816,40.6902,Valid
TRN-0556,31.1222,48.7828,21.2304,44.2287,18.4610,16.1240,23.7059,52.5012,21.8063,Valid
TRN-0006,18.8185,104.2809,38.6618,41.1927,15.2872,16.8364,18.3224,27.0816,46.7583,Valid
TRN-0036,16.9204,43.4907,39.3973,33.6326,10.7918,10.9189,13.9573,28.7296,18.2157,Valid
TRN-0655,21.3220,83.0772,45.3964,35.2913,15.2434,15.9841,19.0301,67.4430,34.4756,Valid
TRN-0419,8.5951,98.1424,45.6516,9.1583,9.5852,12.6494,10.9585,63.7497,39.8590,Valid
TRN-0800,19.7012,86.7513,31.5115,52.1103,14.9638,15.6935,18.3355,37.3070,31.5476,Valid
TRN-0298,18.1743,69.2155,40.5882,54.3840,13.1973,13.8308,16.6590,68.1312,26.9194,Valid
TRN-0146,11.0542,26.6928,44.5290,46.8693,7.4141,7.7295,9.7895,38.8963,15.9725,Valid
TRN-0074,30.0968,32.2241,35.6290,38.7023,16.5086,5.9490,22.0180,41.9803,21.1645,Invalid
TRN-0358,21.9169,69.2729,27.4127,57.3516,23.2412,14.8395,18.8472,57.6618,24.2571,Invalid
TRN-0521,30.8301,49.2877,22.9130,21.7955,17.7515,15.7744,22.8030,47.6397,21.1624,Valid
TRN-0598,21.3932,55.3268,23.3942,48.6738,14.2356,13.5210,18.1062,32.2550,19.6008,Valid
TRN-0242,30.3616,64.6342,31.7954,28.9432,18.6656,17.1550,23.9571,62.4181,26.6204,Valid
TRN-0285,17.7964,18.2136,35.4373,55.6627,10.1469,9.1725,13.6656,68.1464,16.6974,Valid
TRN-0786,11.5440,102.3093,38.2807,43.7299,11.7398,14.1771,13.6330,64.3894,42.5382,Valid
TRN-0976,24.2635,37.3892,33.5862,45.4900,14.1304,12.7538,18.4596,45.4709,19.2066,Valid
TRN-0467,28.4198,43.3529,39.5156,49.0356,16.6095,14.8325,21.9299,57.9675,22.4900,Valid
TRN-0186,22.8272,95.3947,34.7263,28.3226,16.8659,17.4628,20.8694,32.5902,39.0370,Valid
TRN-0592,22.8210,20.5096,25.9169,35.7305,12.4104,10.5864,16.6569,55.5549,16.7186,Valid
TRN-1000,26.6318,52.2370,18.0000,19.3886,15.6335,14.2114,19.7274,53.1397,19.2422,Valid
TRN-0852,27.0525,96.1578,35.4219,5.1608,18.2324,18.3623,22.7426,NaN,40.6205,Valid
TRN-0955,26.4383,82.8779,55.0000,30.3299,17.6575,18.2482,22.4962,52.7821,49.6297,Valid
TRN-0125,19.6803,26.1334,47.9709,25.1259,11.2459,10.6531,14.9109,48.4915,20.6012,Valid
TRN-0570,28.9539,53.4652,32.5587,57.3032,9.9563,16.4260,22.7270,59.2031,22.9629,Invalid
TRN-0189,28.0795,87.7125,35.8628,8.9414,18.1591,18.0504,22.5456,39.2104,35.0691,Valid
TRN-0470,13.4852,26.4721,36.3935,26.4129,8.1837,8.2053,10.4649,77.6793,15.0440,Valid
TRN-0003,31.0050,101.7031,29.9077,29.4333,20.8706,20.4940,25.7050,51.6998,45.8035,Valid
TRN-0442,30.6434,53.8376,32.1864,19.2467,17.7871,16.0427,22.9994,67.4393,22.3594,Valid
TRN-0716,8.1937,31.9047,40.4200,53.7509,6.1854,7.2116,7.7697,55.6906,14.4210,Valid
TRN-0678,22.2523,57.7340,28.2572,33.8496,14.4608,13.6746,18.2936,45.7141,19.8362,Valid
TRN-0978,29.6916,34.0954,36.4183,7.5690,16.4078,14.5572,21.9698,77.4425,20.8658,Valid
TRN-0350,21.4520,28.3591,30.3015,6.6410,11.9595,10.8367,15.7910,59.1218,17.1638,Valid
TRN-0924,16.0857,15.5071,28.7113,49.5399,8.8379,7.9130,11.7744,40.6311,14.9855,Valid
TRN-0918,22.5775,45.7229,27.6436,22.4270,NaN,12.7552,17.5525,48.2208,18.8499,Invalid
TRN-0552,31.7367,93.1740,36.9449,26.5721,21.0587,20.5685,26.6096,49.6860,40.9406,Valid
TRN-0999,17.3189,39.7274,22.4561,25.1758,10.7576,10.0099,13.8466,61.3193,15.8237,Valid
TRN-0444,22.1475,17.4918,48.4520,25.6791,11.9534,10.9397,16.1779,39.0296,21.4587,Valid
TRN-0118,17.2250,17.9980,31.2125,18.4846,13.2507,2.3372,12.8889,33.3767,15.7524,Invalid
TRN-0950,13.3577,103.8261,34.6600,27.5427,12.3709,14.5408,24.5374,70.1512,42.9187,Invalid
TRN-0642,26.0234,20.5917,25.5081,18.3233,14.0169,19.2132,18.5738,72.7639,17.9536,Invalid
TRN-0953,25.3769,64.1776,55.0000,36.5896,16.4129,16.4170,21.1623,46.4387,43.8394,Valid
TRN-0821,22.0135,69.1617,44.4028,12.3592,14.6651,15.0965,18.6240,64.6883,28.3474,Valid
TRN-0487,21.9062,62.3040,32.0312,24.7918,14.2662,14.1283,18.2479,36.3827,23.6253,Valid
TRN-0871,29.6718,78.6840,39.5392,15.5280,18.6499,18.1576,23.9128,45.0982,32.4221,Valid
TRN-0683,21.9239,53.2530,38.5191,9.8962,17.3202,7.0374,17.6327,39.7699,20.5016,Invalid
TRN-0555,28.8941,48.0674,24.3217,27.9187,16.9022,14.9453,22.1869,31.0964,20.6918,Valid
TRN-0085,11.2378,16.8026,28.0457,14.0520,6.7369,6.2907,9.0200,61.4710,12.9026,Valid
TRN-0685,31.8763,87.9656,35.5841,42.6868,20.5022,19.7731,25.7500,52.2359,37.7807,Valid
TRN-0888,29.1316,87.2646,32.8035,33.0805,21.8279,24.0598,24.2703,61.1365,35.2834,Invalid
TRN-0609,28.7022,49.8082,35.5740,32.2327,16.4982,15.1114,21.3608,42.7087,21.5634,Valid
TRN-0182,28.9134,69.8770,35.6098,49.2626,18.3843,17.4357,23.2013,41.1466,28.8087,Valid
TRN-0211,29.5815,96.4859,33.6394,22.8650,19.5361,19.4533,24.3634,21.8384,41.8311,Valid
TRN-0574,26.7868,108.7878,45.2297,26.2494,19.1576,20.2134,23.4315,52.4351,56.3026,Valid
TRN-0648,12.2535,84.2097,34.1778,23.3351,10.7455,12.5350,12.8661,49.7019,27.7540,Valid
TRN-0665,10.6599,55.4415,45.4533,57.3204,8.7772,10.3300,10.7495,50.0292,15.8353,Invalid
TRN-0966,10.2322,24.6490,29.2440,29.8759,6.3780,6.8095,8.3687,35.6748,13.3057,Valid
TRN-0064,29.9458,73.9712,26.1227,21.0852,18.5312,17.6543,23.3809,46.6224,26.9808,Valid
TRN-0499,16.3503,36.5196,38.8890,45.5942,10.4687,9.9585,24.1552,37.4683,17.1232,Invalid
TRN-0334,14.8769,107.2819,28.9216,39.1291,13.3181,15.2609,15.5173,60.8696,45.5134,Valid
TRN-0352,10.5874,42.4210,34.8628,33.0266,7.5670,8.2445,9.5450,51.1579,15.1699,Valid
TRN-0448,30.1259,65.5198,38.2584,11.9638,18.4846,17.4073,23.6323,39.9026,28.5721,Valid
TRN-0701,8.0832,102.2184,27.2790,41.7623,9.8370,12.5588,11.2025,50.1480,38.0511,Valid
TRN-0077,28.6141,92.9727,24.1137,57.8035,1.0000,18.8709,24.1812,38.1393,36.4665,Invalid
TRN-0900,14.0411,33.1688,32.8892,5.0829,8.7505,8.8766,11.5330,55.7390,15.1575,Valid
TRN-0034,11.1801,81.6207,24.0033,51.6781,10.9195,12.2510,12.6476,57.4131,23.8279,Valid
TRN-0239,16.2927,22.5266,18.0000,56.5085,9.3918,8.2446,12.2663,53.6154,14.4998,Valid
TRN-0535,26.1926,94.0394,24.7273,10.6431,17.7601,8.9330,21.8885,29.1698,35.5601,Invalid
TRN-0373,22.3964,35.4825,35.1415,9.3460,13.1843,12.0804,17.3384,57.9593,18.6685,Valid
TRN-0539,9.3981,58.6660,37.8140,54.2995,7.9371,9.6094,9.7017,51.1548,16.8214,Valid
TRN-0141,16.7140,29.6168,30.5975,6.9082,9.8028,9.1560,12.8510,54.5636,15.9219,Valid
